코스명,산이름,유형설명,최고고도_m,누적상승_m,편도거리_km,총거리_km,예상시간_분,예상시간,출발_lat,출발_lon,도착_lat,도착_lon,난이도,세부난이도,난이도점수,관광인프라점수,주차장_접근성점수,정류장_접근성점수,코스수,가중치,매력종합점수,전망,힐링,사진,등산로,성취감,계절매력,특출매력,특출점수
가리산_01,가리산,편도_하산,929.7,651.832,3.27,6.55,196,3시간 16분,37.864537,127.983319,37.879128,127.967446,초급,초급2,158.33,3.7,10,8.0,2,0.7071067811865475,7.3,7.8,7.3,7.5,6.9,7.1,7.2,전망,7.8
가리산_02,가리산,등하산_횡단,1037.4,759.988,6.47,6.47,205,3시간 25분,37.864428,127.984191,37.868292,127.971856,초급,초급3,169.91,3.5,10,8.0,2,0.7071067811865475,7.3,7.8,7.3,7.5,6.9,7.1,7.2,전망,7.8
가리왕산_01,가리왕산,등하산_횡단,1596.6,1160.5760000000002,9.79,9.79,321,5시간 21분,37.487309,128.583265,37.426318,128.57036,상급,상급2,258.28,3.8,0,10.0,2,0.7071067811865475,7.2,7.4,7.5,7.2,6.0,7.2,8.0,계절매력,8.0
가리왕산_02,가리왕산,등하산_횡단,1590.0,951.128,6.68,6.68,202,3시간 22분,37.466601,128.53833,37.463691,128.523798,중급,중급3,241.42,2.3,0,0.0,2,0.7071067811865475,7.2,7.4,7.5,7.2,6.0,7.2,8.0,계절매력,8.0
가야산_01,가야산,편도_등산,1416.9,1483.014,4.99,9.99,372,6시간 12분,35.793714,128.094273,35.822969,128.120127,최상급,최상급2,368.66,5.3,10,8.0,5,0.4472135954999579,7.7,8.4,7.4,7.7,6.9,7.8,8.0,전망,8.4
가야산_02,가야산,편도_등산,1073.3,925.234,2.25,4.5,206,3시간 26분,35.770004,128.113924,35.772791,128.095718,중급,중급1,195.44,5.5,10,2.0,5,0.4472135954999579,7.7,8.4,7.4,7.7,6.9,7.8,8.0,전망,8.4
가야산_03,가야산,등하산_원점회귀,1180.3,1291.4110000000005,6.19,6.19,280,4시간 40분,35.801376,128.142292,35.804106,128.141577,상급,상급2,270.8,5.4,10,10.0,5,0.4472135954999579,7.7,8.4,7.4,7.7,6.9,7.8,8.0,전망,8.4
가야산_04,가야산,편도_등산,1076.0,989.7670000000002,2.86,5.72,234,3시간 54분,35.789511,128.086889,35.772731,128.095699,중급,중급3,227.9,5.1,10,10.0,5,0.4472135954999579,7.7,8.4,7.4,7.7,6.9,7.8,8.0,전망,8.4
가야산_05,가야산,편도_등산,1448.3,1336.1380000000006,4.42,8.83,333,5시간 33분,35.800998,128.141953,35.823091,128.120899,최상급,최상급1,328.99,5.3,10,10.0,5,0.4472135954999579,7.7,8.4,7.4,7.7,6.9,7.8,8.0,전망,8.4
가지산_01,가지산,등하산_원점회귀,1269.7,931.5050000000002,9.04,9.04,272,4시간 32분,35.617687,129.039315,35.618023,129.039333,중급,중급2,222.35,5.7,10,10.0,4,0.5,7.4,8.1,7.2,7.5,6.4,7.4,8.2,계절매력,8.2
가지산_02,가지산,등하산_횡단,1271.1,798.1130000000003,14.03,14.03,352,5시간 52분,35.579245,129.028058,35.617981,129.039735,중급,중급2,213.67,5.6,10,10.0,4,0.5,7.4,8.1,7.2,7.5,6.4,7.4,8.2,계절매력,8.2
가지산_03,가지산,등하산_원점회귀,1274.1,984.7399999999998,12.59,12.59,334,5시간 34분,35.585741,128.995592,35.586122,128.996447,상급,상급2,269.8,5.4,10,5.0,4,0.5,7.4,8.1,7.2,7.5,6.4,7.4,8.2,계절매력,8.2
가지산_04,가지산,등하산_횡단,1269.8,978.2919999999998,11.83,11.83,328,5시간 28분,35.667478,129.002535,35.620751,129.034576,상급,상급2,260.67,5.6,10,10.0,4,0.5,7.4,8.1,7.2,7.5,6.4,7.4,8.2,계절매력,8.2
감악산_01,감악산,등하산_원점회귀,699.0,740.0,5.5,5.5,189,3시간 09분,37.936916,126.946248,37.938024,126.950055,중급,중급1,193.23,5.2,10,10.0,9,0.3333333333333333,7.1,7.7,7.0,7.7,6.4,6.9,7.0,전망,7.7
감악산_02,감악산,등하산_원점회귀,693.0,753.0,8.7,8.7,243,4시간 03분,37.922971,126.998702,37.921491,126.995151,중급,중급1,196.12,5.6,8,10.0,9,0.3333333333333333,7.1,7.7,7.0,7.7,6.4,6.9,7.0,전망,7.7
감악산_03,감악산,등하산_원점회귀,688.0,923.0,11.06,11.06,304,5시간 04분,37.905659,126.962918,37.909954,126.965363,상급,상급1,244.82,5.6,2,10.0,9,0.3333333333333333,7.1,7.7,7.0,7.7,6.4,6.9,7.0,전망,7.7
감악산_04,감악산,등하산_횡단,692.0,727.0,7.54,7.54,220,3시간 40분,37.969506,126.951917,37.959643,126.957299,중급,중급1,179.4,5.4,0,10.0,9,0.3333333333333333,7.1,7.7,7.0,7.7,6.4,6.9,7.0,전망,7.7
감악산_05,감악산,등하산_원점회귀,606.0,697.0,7.55,7.55,218,3시간 38분,37.9115,126.964985,37.91061,126.964949,초급,초급3,175.77,5.7,2,10.0,9,0.3333333333333333,7.1,7.7,7.0,7.7,6.4,6.9,7.0,전망,7.7
감악산_06,감악산,등하산_원점회귀,680.0,805.0,8.28,8.28,243,4시간 03분,37.941626,127.003043,37.933324,127.001104,중급,중급1,197.82,5.4,0,10.0,9,0.3333333333333333,7.1,7.7,7.0,7.7,6.4,6.9,7.0,전망,7.7
감악산_07,감악산,등하산_원점회귀,670.0,790.0,6.53,6.53,217,3시간 37분,37.944933,126.941638,37.943349,126.944857,초급,초급3,174.03,5.5,8,10.0,9,0.3333333333333333,7.1,7.7,7.0,7.7,6.4,6.9,7.0,전망,7.7
감악산_08,감악산,등하산_횡단,363.5,433.579,6.09,6.09,155,2시간 35분,37.936975,126.944425,37.910762,126.964708,입문,입문,103.76,5.5,10,10.0,9,0.3333333333333333,7.1,7.7,7.0,7.7,6.4,6.9,7.0,전망,7.7
감악산_09,감악산,등하산_횡단,322.3,465.9680000000001,5.45,5.45,154,2시간 34분,37.938846,126.944711,37.959591,126.957349,초급,초급1,122.11,5.4,10,10.0,9,0.3333333333333333,7.1,7.7,7.0,7.7,6.4,6.9,7.0,전망,7.7
강천산_01,강천산,등하산_횡단,608.3,639.3929999999998,6.63,6.63,192,3시간 12분,35.40894,127.067686,35.399837,127.056868,초급,초급2,157.76,5.0,10,10.0,5,0.4472135954999579,7.3,7.6,7.6,7.2,6.9,6.9,8.0,계절매력,8.0
강천산_02,강천산,등하산_원점회귀,517.5,707.2679999999998,7.3,7.3,217,3시간 37분,35.408708,127.066815,35.407401,127.065399,초급,초급3,174.11,4.9,10,10.0,5,0.4472135954999579,7.3,7.6,7.6,7.2,6.9,6.9,8.0,계절매력,8.0
강천산_03,강천산,등하산_횡단,648.8,789.1900000000005,10.83,10.83,278,4시간 38분,35.408916,127.067301,35.396426,127.054238,중급,중급1,186.68,5.0,10,10.0,5,0.4472135954999579,7.3,7.6,7.6,7.2,6.9,6.9,8.0,계절매력,8.0
강천산_04,강천산,등하산_원점회귀,596.8,949.9799999999992,10.98,10.98,306,5시간 06분,35.408929,127.067397,35.405645,127.06197,상급,상급1,247.47,4.9,10,10.0,5,0.4472135954999579,7.3,7.6,7.6,7.2,6.9,6.9,8.0,계절매력,8.0
강천산_05,강천산,등하산_횡단,599.1,883.6589999999992,10.15,10.15,274,4시간 34분,35.413231,127.075313,35.392913,127.045664,중급,중급3,229.48,5.1,10,10.0,5,0.4472135954999579,7.3,7.6,7.6,7.2,6.9,6.9,8.0,계절매력,8.0
계룡산_01,계룡산,편도_등산,799.6,2026.805999999999,5.63,11.26,473,7시간 53분,36.371937,127.257895,36.361424,127.210292,최상급,최상급3,457.56,6.4,5,10.0,5,0.4472135954999579,7.3,7.9,7.4,7.2,6.4,7.1,7.7,전망,7.9
계룡산_02,계룡산,등하산_원점회귀,790.0,766.1279999999999,8.22,8.22,234,3시간 54분,36.357841,127.236819,36.357426,127.23595,중급,중급1,192.29,6.1,10,10.0,5,0.4472135954999579,7.3,7.9,7.4,7.2,6.4,7.1,7.7,전망,7.9
계룡산_03,계룡산,등하산_원점회귀,766.2,814.8269999999999,7.79,7.79,232,3시간 52분,36.368753,127.180794,36.364784,127.187594,중급,중급1,193.05,5.4,10,10.0,5,0.4472135954999579,7.3,7.9,7.4,7.2,6.4,7.1,7.7,전망,7.9
계룡산_04,계룡산,편도_등산,779.0,1093.0,3.84,7.69,279,4시간 39분,36.369663,127.181148,36.361536,127.210658,상급,상급2,277.68,5.2,10,10.0,5,0.4472135954999579,7.3,7.9,7.4,7.2,6.4,7.1,7.7,전망,7.9
계룡산_05,계룡산,편도_등산,642.0,879.0,3.12,6.23,225,3시간 45분,36.357908,127.236841,36.362771,127.213909,중급,중급3,224.14,6.2,10,10.0,5,0.4472135954999579,7.3,7.9,7.4,7.2,6.4,7.1,7.7,전망,7.9
계방산_01,계방산,편도_등산,1600.8,818.7539999999999,4.71,9.42,264,4시간 24분,37.691085,128.469273,37.728268,128.46543,중급,중급2,212.8,4.5,10,0.0,2,0.7071067811865475,7.6,8.1,7.2,7.9,6.6,7.0,9.0,계절매력,9.0
계방산_02,계방산,편도_등산,1576.0,493.63499999999976,4.06,8.11,196,3시간 16분,37.707455,128.444432,37.728333,128.465577,초급,초급1,127.76,3.9,10,0.0,2,0.7071067811865475,7.6,8.1,7.2,7.9,6.6,7.0,9.0,계절매력,9.0
공작산_01,공작산,등하산_횡단,922.9,535.8160000000003,8.17,8.17,204,3시간 24분,37.685076,128.026234,37.696378,128.023368,초급,초급1,133.6,4.1,8,10.0,10,0.3162277660168379,7.0,6.9,7.8,7.0,6.7,6.6,7.5,힐링,7.8
공작산_02,공작산,등하산_횡단,908.3,813.4709999999998,12.82,12.82,307,5시간 07분,37.732487,127.95444,37.685202,128.026177,중급,중급2,206.2,4.6,2,10.0,10,0.3162277660168379,7.0,6.9,7.8,7.0,6.7,6.6,7.5,힐링,7.8
공작산_03,공작산,등하산_횡단,885.0,722.1540000000002,13.91,13.91,315,5시간 15분,37.732512,127.954347,37.753756,128.000708,중급,중급2,202.38,4.8,2,10.0,10,0.3162277660168379,7.0,6.9,7.8,7.0,6.7,6.6,7.5,힐링,7.8
공작산_04,공작산,등하산_원점회귀,589.0,427.179,6.77,6.77,164,2시간 44분,37.694936,127.954867,37.697896,127.955353,초급,초급1,108.59,5.3,10,10.0,10,0.3162277660168379,7.0,6.9,7.8,7.0,6.7,6.6,7.5,힐링,7.8
공작산_05,공작산,등하산_횡단,832.7,510.326,5.98,5.98,148,2시간 28분,37.670535,127.999391,37.679267,127.998618,초급,초급1,133.86,4.3,0,10.0,10,0.3162277660168379,7.0,6.9,7.8,7.0,6.7,6.6,7.5,힐링,7.8
공작산_06,공작산,등하산_횡단,910.7,580.0740000000001,12.84,12.84,289,4시간 49분,37.685099,128.02618,37.739438,127.940584,초급,초급3,174.26,4.5,8,10.0,10,0.3162277660168379,7.0,6.9,7.8,7.0,6.7,6.6,7.5,힐링,7.8
공작산_07,공작산,등하산_횡단,385.6,177.08799999999988,11.16,11.16,199,3시간 19분,37.670578,127.999028,37.694984,127.954647,입문,입문,89.77,4.9,0,10.0,10,0.3162277660168379,7.0,6.9,7.8,7.0,6.7,6.6,7.5,힐링,7.8
공작산_08,공작산,등하산_횡단,807.9,618.333,10.44,10.44,242,4시간 02분,37.732642,127.954177,37.721837,127.987515,초급,초급3,162.23,4.9,2,10.0,10,0.3162277660168379,7.0,6.9,7.8,7.0,6.7,6.6,7.5,힐링,7.8
공작산_09,공작산,등하산_원점회귀,558.0,377.7730000000001,8.96,8.96,189,3시간 09분,37.732563,127.954056,37.725676,127.965451,초급,초급1,117.48,5.0,2,10.0,10,0.3162277660168379,7.0,6.9,7.8,7.0,6.7,6.6,7.5,힐링,7.8
공작산_10,공작산,등하산_횡단,586.0,397.113,11.53,11.53,233,3시간 53분,37.732536,127.954288,37.694903,127.954652,초급,초급1,136.63,5.2,2,10.0,10,0.3162277660168379,7.0,6.9,7.8,7.0,6.7,6.6,7.5,힐링,7.8
관악산_01,관악산,등하산_원점회귀,643.9,1055.3140000000003,8.73,8.73,296,4시간 56분,37.425484,126.989253,37.428234,126.991245,중급,중급3,232.57,6.6,10,10.0,21,0.2182178902359924,6.9,7.4,6.6,7.1,6.3,7.1,7.2,전망,7.4
관악산_02,관악산,등하산_횡단,636.2,613.1560000000004,6.78,6.78,202,3시간 22분,37.447211,126.949907,37.476015,126.981168,초급,초급2,156.23,7.3,2,10.0,21,0.2182178902359924,6.9,7.4,6.6,7.1,6.3,7.1,7.2,전망,7.4
관악산_03,관악산,등하산_횡단,657.4,620.262,10.0,10.0,241,4시간 01분,37.476163,126.971194,37.468352,126.94615,초급,초급2,159.03,7.3,8,10.0,21,0.2182178902359924,6.9,7.4,6.6,7.1,6.3,7.1,7.2,전망,7.4
관악산_04,관악산,등하산_횡단,516.4,467.3480000000001,9.52,9.52,211,3시간 31분,37.386006,126.906682,37.372265,126.927146,초급,초급1,134.69,7.1,10,10.0,21,0.2182178902359924,6.9,7.4,6.6,7.1,6.3,7.1,7.2,전망,7.4
관악산_05,관악산,등하산_횡단,626.7,739.5640000000003,6.37,6.37,201,3시간 21분,37.427989,126.990712,37.45404,126.953828,초급,초급3,166.31,6.9,10,10.0,21,0.2182178902359924,6.9,7.4,6.6,7.1,6.3,7.1,7.2,전망,7.4
관악산_06,관악산,등하산_횡단,540.3,633.5330000000005,9.14,9.14,233,3시간 53분,37.408147,126.959999,37.419076,126.909326,초급,초급2,153.65,7.1,10,10.0,21,0.2182178902359924,6.9,7.4,6.6,7.1,6.3,7.1,7.2,전망,7.4
관악산_07,관악산,등하산_횡단,576.5,688.7569999999998,7.12,7.12,210,3시간 30분,37.428156,126.991262,37.44955,126.994126,초급,초급3,169.68,6.8,10,10.0,21,0.2182178902359924,6.9,7.4,6.6,7.1,6.3,7.1,7.2,전망,7.4
관악산_08,관악산,등하산_횡단,645.3,783.6749999999995,7.71,7.71,227,3시간 47분,37.468401,126.945312,37.456012,126.955205,중급,중급1,188.35,7.2,10,10.0,21,0.2182178902359924,6.9,7.4,6.6,7.1,6.3,7.1,7.2,전망,7.4
관악산_09,관악산,등하산_횡단,545.4,738.9430000000009,7.66,7.66,224,3시간 44분,37.475834,126.98116,37.431896,126.994689,중급,중급1,182.3,7.2,10,10.0,21,0.2182178902359924,6.9,7.4,6.6,7.1,6.3,7.1,7.2,전망,7.4
관악산_10,관악산,등하산_횡단,556.1,650.3700000000002,8.43,8.43,224,3시간 44분,37.42631,126.988845,37.418589,126.920536,중급,중급1,179.41,6.9,10,10.0,21,0.2182178902359924,6.9,7.4,6.6,7.1,6.3,7.1,7.2,전망,7.4
관악산_11,관악산,등하산_횡단,638.3,774.2660000000003,7.43,7.43,219,3시간 39분,37.468328,126.946343,37.44726,126.950031,중급,중급1,183.78,7.1,10,10.0,21,0.2182178902359924,6.9,7.4,6.6,7.1,6.3,7.1,7.2,전망,7.4
관악산_12,관악산,등하산_횡단,573.2,702.9979999999996,8.71,8.71,235,3시간 55분,37.410882,126.968545,37.468247,126.946193,중급,중급1,189.61,7.2,8,10.0,21,0.2182178902359924,6.9,7.4,6.6,7.1,6.3,7.1,7.2,전망,7.4
관악산_13,관악산,등하산_횡단,515.6,642.5230000000006,8.84,8.84,229,3시간 49분,37.468338,126.945937,37.416158,126.916209,초급,초급2,152.18,7.2,10,10.0,21,0.2182178902359924,6.9,7.4,6.6,7.1,6.3,7.1,7.2,전망,7.4
관악산_14,관악산,등하산_횡단,505.0,709.3239999999992,10.76,10.76,267,4시간 27분,37.43417,126.902797,37.418942,126.909445,초급,초급3,176.41,7.0,10,10.0,21,0.2182178902359924,6.9,7.4,6.6,7.1,6.3,7.1,7.2,전망,7.4
관악산_15,관악산,등하산_횡단,517.7,874.3319999999994,22.07,22.07,464,7시간 44분,37.328198,126.91617,37.302304,126.866935,상급,상급3,280.49,6.9,10,10.0,21,0.2182178902359924,6.9,7.4,6.6,7.1,6.3,7.1,7.2,전망,7.4
관악산_16,관악산,등하산_횡단,267.7,320.89799999999974,11.06,11.06,213,3시간 33분,37.47498,126.97102,37.433875,126.906953,초급,초급1,120.29,7.2,8,10.0,21,0.2182178902359924,6.9,7.4,6.6,7.1,6.3,7.1,7.2,전망,7.4
관악산_17,관악산,등하산_횡단,214.9,417.092,14.06,14.06,272,4시간 32분,37.434158,126.903464,37.425622,126.989308,초급,초급2,154.63,6.9,10,10.0,21,0.2182178902359924,6.9,7.4,6.6,7.1,6.3,7.1,7.2,전망,7.4
관악산_18,관악산,등하산_횡단,172.0,210.287,11.59,11.59,206,3시간 26분,37.420882,126.969826,37.476665,126.970992,입문,입문,99.69,7.2,5,5.0,21,0.2182178902359924,6.9,7.4,6.6,7.1,6.3,7.1,7.2,전망,7.4
관악산_19,관악산,등하산_횡단,227.4,443.6510000000003,7.76,7.76,182,3시간 02분,37.469434,127.038562,37.475071,126.981983,초급,초급1,118.48,7.7,10,10.0,21,0.2182178902359924,6.9,7.4,6.6,7.1,6.3,7.1,7.2,전망,7.4
관악산_20,관악산,등하산_횡단,461.9,340.7829999999998,9.93,9.93,193,3시간 13분,37.357272,126.93364,37.335488,126.907523,초급,초급1,117.46,6.9,10,10.0,21,0.2182178902359924,6.9,7.4,6.6,7.1,6.3,7.1,7.2,전망,7.4
관악산_21,관악산,등하산_횡단,495.5,511.289,10.99,10.99,240,4시간 00분,37.384861,126.935024,37.386036,126.906928,초급,초급2,151.36,7.2,10,10.0,21,0.2182178902359924,6.9,7.4,6.6,7.1,6.3,7.1,7.2,전망,7.4
구병산_01,구병산,등하산_원점회귀,897.8,642.6429999999999,8.25,8.25,223,3시간 43분,36.446385,127.865642,36.44953,127.863836,초급,초급3,176.43,4.3,10,10.0,1,1.0,7.2,7.9,7.0,7.3,5.7,7.5,8.0,계절매력,8.0
금산_01,금산,등하산_원점회귀,727.4,798.317,7.7,7.7,234,3시간 54분,34.739771,127.983826,34.739543,127.984132,중급,중급1,189.98,5.8,10,5.0,1,1.0,7.7,8.9,7.4,8.2,7.1,7.0,7.6,전망,8.9
금수산_01,금수산,등하산_원점회귀,1039.6,1183.4219999999998,7.09,7.09,281,4시간 41분,36.964717,128.240149,36.970616,128.241557,상급,상급2,277.44,4.8,10,10.0,6,0.4082482904638631,7.4,8.0,7.0,7.6,6.5,7.6,7.7,전망,8.0
금수산_02,금수산,등하산_원점회귀,1040.5,830.0749999999997,5.03,5.03,197,3시간 17분,36.975663,128.27493,36.978895,128.269381,중급,중급1,195.71,4.3,10,8.0,6,0.4082482904638631,7.4,8.0,7.0,7.6,6.5,7.6,7.7,전망,8.0
금수산_03,금수산,등하산_원점회귀,1040.9,1111.1420000000005,12.92,12.92,354,5시간 54분,36.986597,128.197014,36.986352,128.197009,상급,상급3,290.32,5.5,2,10.0,6,0.4082482904638631,7.4,8.0,7.0,7.6,6.5,7.6,7.7,전망,8.0
금수산_04,금수산,편도_등산,609.1,756.465,3.37,6.74,215,3시간 35분,36.948905,128.232149,36.954489,128.257238,초급,초급3,173.02,4.9,10,5.0,6,0.4082482904638631,7.4,8.0,7.0,7.6,6.5,7.6,7.7,전망,8.0
금수산_05,금수산,편도_등산,607.8,816.5160000000005,2.99,5.98,212,3시간 32분,36.965052,128.239376,36.954576,128.256979,중급,중급2,211.64,4.8,10,10.0,6,0.4082482904638631,7.4,8.0,7.0,7.6,6.5,7.6,7.7,전망,8.0
금수산_06,금수산,편도_등산,393.3,295.1940000000002,2.83,5.65,129,2시간 09분,36.930702,128.235132,36.937462,128.247065,입문,입문,82.46,4.6,10,8.0,6,0.4082482904638631,7.4,8.0,7.0,7.6,6.5,7.6,7.7,전망,8.0
금오산_01,금오산,등하산_원점회귀,1001.6,867.669,9.09,9.09,266,4시간 26분,36.111772,128.314033,36.11144,128.312937,중급,중급2,215.19,6.7,10,10.0,15,0.2581988897471611,7.2,7.8,7.0,7.5,6.6,6.9,7.5,전망,7.8
금오산_02,금오산,등하산_횡단,994.7,696.2429999999999,6.43,6.43,204,3시간 24분,36.100932,128.32093,36.113035,128.315077,초급,초급2,162.13,6.7,10,2.0,15,0.2581988897471611,7.2,7.8,7.0,7.5,6.6,6.9,7.5,전망,7.8
금오산_03,금오산,등하산_원점회귀,1001.1,724.024,6.62,6.62,206,3시간 26분,36.067919,128.297178,36.069257,128.296356,초급,초급3,167.75,5.4,10,8.0,15,0.2581988897471611,7.2,7.8,7.0,7.5,6.6,6.9,7.5,전망,7.8
금오산_04,금오산,등하산_원점회귀,868.9,691.212,9.19,9.19,241,4시간 01분,36.119788,128.309067,36.119645,128.311928,중급,중급1,193.12,6.5,10,5.0,15,0.2581988897471611,7.2,7.8,7.0,7.5,6.6,6.9,7.5,전망,7.8
금오산_05,금오산,등하산_횡단,274.2,174.11499999999998,6.98,6.98,129,2시간 09분,36.120307,128.338328,36.113644,128.315677,입문,입문,70.39,6.8,8,10.0,15,0.2581988897471611,7.2,7.8,7.0,7.5,6.6,6.9,7.5,전망,7.8
금오산_06,금오산,등하산_원점회귀,1001.8,768.6069999999999,6.99,6.99,219,3시간 39분,36.09439,128.271511,36.095764,128.275603,초급,초급3,177.6,5.1,0,5.0,15,0.2581988897471611,7.2,7.8,7.0,7.5,6.6,6.9,7.5,전망,7.8
금오산_07,금오산,등하산_원점회귀,553.9,628.5479999999998,8.36,8.36,214,3시간 34분,36.071311,128.338182,36.071921,128.346569,초급,초급3,175.65,6.4,10,10.0,15,0.2581988897471611,7.2,7.8,7.0,7.5,6.6,6.9,7.5,전망,7.8
금오산_08,금오산,등하산_횡단,548.8,508.6600000000001,8.39,8.39,200,3시간 20분,36.100821,128.354917,36.103195,128.337288,초급,초급1,131.91,7.0,10,10.0,15,0.2581988897471611,7.2,7.8,7.0,7.5,6.6,6.9,7.5,전망,7.8
금오산_09,금오산,등하산_원점회귀,972.6,773.489,7.19,7.19,219,3시간 39분,36.071193,128.314138,36.073567,128.318774,중급,중급1,180.7,6.0,2,2.0,15,0.2581988897471611,7.2,7.8,7.0,7.5,6.6,6.9,7.5,전망,7.8
금오산_10,금오산,등하산_원점회귀,1003.6,829.9680000000001,10.49,10.49,281,4시간 41분,36.075859,128.265244,36.076655,128.265835,중급,중급3,226.09,4.6,0,8.0,15,0.2581988897471611,7.2,7.8,7.0,7.5,6.6,6.9,7.5,전망,7.8
금오산_11,금오산,등하산_원점회귀,732.0,604.7860000000001,10.0,10.0,244,4시간 04분,36.126791,128.329366,36.123763,128.326828,초급,초급2,157.03,7.0,10,10.0,15,0.2581988897471611,7.2,7.8,7.0,7.5,6.6,6.9,7.5,전망,7.8
금오산_12,금오산,등하산_원점회귀,496.0,516.8599999999999,8.56,8.56,206,3시간 26분,36.094965,128.352185,36.103968,128.357086,초급,초급1,134.31,6.9,10,10.0,15,0.2581988897471611,7.2,7.8,7.0,7.5,6.6,6.9,7.5,전망,7.8
금오산_13,금오산,등하산_횡단,366.5,408.5610000000001,8.27,8.27,188,3시간 08분,36.104048,128.334707,36.116657,128.338801,초급,초급1,117.37,7.0,5,10.0,15,0.2581988897471611,7.2,7.8,7.0,7.5,6.6,6.9,7.5,전망,7.8
금오산_14,금오산,등하산_원점회귀,998.1,966.025,10.2,10.2,296,4시간 56분,36.079204,128.321897,36.073484,128.318422,중급,중급3,240.52,6.2,2,2.0,15,0.2581988897471611,7.2,7.8,7.0,7.5,6.6,6.9,7.5,전망,7.8
금오산_15,금오산,등하산_횡단,991.1,758.182,8.64,8.64,253,4시간 13분,36.100055,128.325633,36.112598,128.315241,중급,중급1,196.11,6.7,10,5.0,15,0.2581988897471611,7.2,7.8,7.0,7.5,6.6,6.9,7.5,전망,7.8
금정산_01,금정산,등하산_원점회귀,833.0,947.0,9.88,9.88,295,4시간 55분,35.250773,129.055724,35.250105,129.041821,중급,중급3,234.38,6.7,10,10.0,37,0.1643989873053573,7.3,8.1,7.1,7.5,7.0,6.9,7.1,전망,8.1
금정산_02,금정산,등하산_횡단,766.0,1218.0,10.54,10.54,336,5시간 36분,35.332529,129.03991,35.27389,129.092436,상급,상급2,274.54,6.6,10,10.0,37,0.1643989873053573,7.3,8.1,7.1,7.5,7.0,6.9,7.1,전망,8.1
금정산_03,금정산,등하산_횡단,825.0,892.0,7.75,7.75,254,4시간 14분,35.281994,129.073004,35.281507,129.086417,중급,중급1,201.46,6.4,10,10.0,37,0.1643989873053573,7.3,8.1,7.1,7.5,7.0,6.9,7.1,전망,8.1
금정산_04,금정산,등하산_횡단,666.0,917.0,8.01,8.01,255,4시간 15분,35.213587,129.024885,35.2274,129.077855,중급,중급2,207.67,7.2,10,10.0,37,0.1643989873053573,7.3,8.1,7.1,7.5,7.0,6.9,7.1,전망,8.1
금정산_05,금정산,등하산_횡단,666.0,910.0,6.25,6.25,214,3시간 34분,35.234797,129.014702,35.244428,129.055817,중급,중급3,228.42,6.8,10,10.0,37,0.1643989873053573,7.3,8.1,7.1,7.5,7.0,6.9,7.1,전망,8.1
금정산_06,금정산,등하산_횡단,710.0,634.0,6.75,6.75,203,3시간 23분,35.243277,129.06435,35.279404,129.073673,초급,초급2,158.51,6.8,10,10.0,37,0.1643989873053573,7.3,8.1,7.1,7.5,7.0,6.9,7.1,전망,8.1
금정산_07,금정산,등하산_횡단,734.0,901.0,7.8,7.8,245,4시간 05분,35.250535,129.049471,35.235625,129.013571,중급,중급2,203.13,6.7,10,10.0,37,0.1643989873053573,7.3,8.1,7.1,7.5,7.0,6.9,7.1,전망,8.1
금정산_08,금정산,등하산_횡단,777.0,932.0,6.13,6.13,219,3시간 39분,35.28255,129.018953,35.283706,129.071432,중급,중급3,228.94,6.3,10,10.0,37,0.1643989873053573,7.3,8.1,7.1,7.5,7.0,6.9,7.1,전망,8.1
금정산_09,금정산,등하산_원점회귀,547.0,774.0,6.42,6.42,211,3시간 31분,35.230437,129.076429,35.230828,129.075271,초급,초급3,170.81,7.2,5,10.0,37,0.1643989873053573,7.3,8.1,7.1,7.5,7.0,6.9,7.1,전망,8.1
금정산_10,금정산,등하산_횡단,600.0,905.0,6.74,6.74,232,3시간 52분,35.247937,129.091082,35.265572,129.085158,중급,중급3,236.55,6.7,10,10.0,37,0.1643989873053573,7.3,8.1,7.1,7.5,7.0,6.9,7.1,전망,8.1
금정산_11,금정산,등하산_원점회귀,740.0,935.0,7.02,7.02,247,4시간 07분,35.27918,129.073331,35.281392,129.079389,상급,상급1,245.39,6.5,10,10.0,37,0.1643989873053573,7.3,8.1,7.1,7.5,7.0,6.9,7.1,전망,8.1
금정산_12,금정산,등하산_원점회귀,667.0,948.0,7.39,7.39,253,4시간 13분,35.213183,129.036792,35.213059,129.03739,상급,상급1,253.51,7.1,10,10.0,37,0.1643989873053573,7.3,8.1,7.1,7.5,7.0,6.9,7.1,전망,8.1
금정산_13,금정산,등하산_횡단,790.0,1023.0,7.28,7.28,258,4시간 18분,35.284472,129.01992,35.266719,129.020595,상급,상급2,261.38,6.2,10,10.0,37,0.1643989873053573,7.3,8.1,7.1,7.5,7.0,6.9,7.1,전망,8.1
금정산_14,금정산,등하산_원점회귀,541.0,811.0,6.33,6.33,217,3시간 37분,35.242213,129.062321,35.242382,129.062334,중급,중급2,217.01,7.0,10,10.0,37,0.1643989873053573,7.3,8.1,7.1,7.5,7.0,6.9,7.1,전망,8.1
금정산_15,금정산,등하산_횡단,636.0,895.0,6.77,6.77,238,3시간 58분,35.29684,129.084075,35.283885,129.091015,중급,중급3,235.77,6.2,2,10.0,37,0.1643989873053573,7.3,8.1,7.1,7.5,7.0,6.9,7.1,전망,8.1
금정산_16,금정산,등하산_횡단,503.0,899.0,8.69,8.69,279,4시간 39분,35.283852,129.071531,35.3179,129.029957,중급,중급2,214.17,6.6,10,10.0,37,0.1643989873053573,7.3,8.1,7.1,7.5,7.0,6.9,7.1,전망,8.1
금정산_17,금정산,등하산_횡단,774.0,1174.0,10.14,10.14,343,5시간 43분,35.285727,129.06932,35.303609,129.025048,상급,상급2,264.37,6.5,10,8.0,37,0.1643989873053573,7.3,8.1,7.1,7.5,7.0,6.9,7.1,전망,8.1
금정산_18,금정산,등하산_원점회귀,496.0,1139.0,5.96,5.96,259,4시간 19분,35.219687,129.076156,35.223184,129.077196,상급,상급1,249.55,7.4,10,10.0,37,0.1643989873053573,7.3,8.1,7.1,7.5,7.0,6.9,7.1,전망,8.1
금정산_19,금정산,등하산_원점회귀,664.0,719.0,4.88,4.88,179,2시간 59분,35.219303,129.041015,35.220512,129.041752,중급,중급1,179.41,7.1,8,10.0,37,0.1643989873053573,7.3,8.1,7.1,7.5,7.0,6.9,7.1,전망,8.1
금정산_20,금정산,등하산_횡단,636.0,784.0,5.63,5.63,193,3시간 13분,35.236041,129.021294,35.25042,129.049608,중급,중급1,201.23,6.7,8,10.0,37,0.1643989873053573,7.3,8.1,7.1,7.5,7.0,6.9,7.1,전망,8.1
금정산_21,금정산,등하산_원점회귀,664.0,934.0,8.54,8.54,263,4시간 23분,35.250366,129.056813,35.255631,129.05135,중급,중급2,216.4,6.7,10,10.0,37,0.1643989873053573,7.3,8.1,7.1,7.5,7.0,6.9,7.1,전망,8.1
금정산_22,금정산,등하산_원점회귀,580.0,915.0,6.39,6.39,232,3시간 52분,35.226136,129.078018,35.227589,129.077715,중급,중급3,231.6,7.3,10,10.0,37,0.1643989873053573,7.3,8.1,7.1,7.5,7.0,6.9,7.1,전망,8.1
금정산_23,금정산,등하산_원점회귀,570.0,794.0,5.19,5.19,196,3시간 16분,35.275309,129.084727,35.27578,129.083237,중급,중급1,194.43,6.5,8,10.0,37,0.1643989873053573,7.3,8.1,7.1,7.5,7.0,6.9,7.1,전망,8.1
금정산_24,금정산,등하산_횡단,643.0,831.0,7.32,7.32,253,4시간 13분,35.244299,129.055844,35.235082,129.014213,중급,중급1,188.98,6.8,10,10.0,37,0.1643989873053573,7.3,8.1,7.1,7.5,7.0,6.9,7.1,전망,8.1
금정산_25,금정산,등하산_횡단,614.0,1124.0,8.65,8.65,295,4시간 55분,35.217298,129.07379,35.213071,129.037435,상급,상급3,298.65,7.3,10,10.0,37,0.1643989873053573,7.3,8.1,7.1,7.5,7.0,6.9,7.1,전망,8.1
금정산_26,금정산,등하산_횡단,566.0,832.0,5.85,5.85,213,3시간 33분,35.25446,129.084783,35.263718,129.084869,중급,중급2,211.31,6.8,10,10.0,37,0.1643989873053573,7.3,8.1,7.1,7.5,7.0,6.9,7.1,전망,8.1
금정산_27,금정산,등하산_횡단,640.0,755.0,7.56,7.56,241,4시간 01분,35.241738,129.061943,35.269127,129.085136,중급,중급1,183.06,6.8,10,10.0,37,0.1643989873053573,7.3,8.1,7.1,7.5,7.0,6.9,7.1,전망,8.1
금정산_28,금정산,등하산_횡단,584.0,1020.0,10.11,10.11,309,5시간 09분,35.215899,129.066664,35.220614,129.087027,상급,상급1,246.06,7.4,5,10.0,37,0.1643989873053573,7.3,8.1,7.1,7.5,7.0,6.9,7.1,전망,8.1
금정산_29,금정산,등하산_횡단,507.0,853.0,7.43,7.43,238,3시간 58분,35.252675,129.013662,35.265204,129.022242,중급,중급1,192.9,6.3,2,10.0,37,0.1643989873053573,7.3,8.1,7.1,7.5,7.0,6.9,7.1,전망,8.1
금정산_30,금정산,등하산_횡단,750.0,1436.0,12.61,12.61,404,6시간 44분,35.304075,129.025285,35.28112,129.017077,최상급,최상급1,326.06,6.4,10,10.0,37,0.1643989873053573,7.3,8.1,7.1,7.5,7.0,6.9,7.1,전망,8.1
금정산_31,금정산,등하산_횡단,498.0,1400.0,11.38,11.38,383,6시간 23분,35.231452,129.074746,35.246772,129.089777,상급,상급3,305.84,7.0,5,10.0,37,0.1643989873053573,7.3,8.1,7.1,7.5,7.0,6.9,7.1,전망,8.1
금정산_32,금정산,등하산_횡단,639.0,1234.0,13.36,13.36,392,6시간 32분,35.250099,129.041739,35.212991,129.038784,상급,상급3,311.12,7.0,10,10.0,37,0.1643989873053573,7.3,8.1,7.1,7.5,7.0,6.9,7.1,전망,8.1
금정산_33,금정산,등하산_횡단,619.4,540.1869999999999,8.22,8.22,200,3시간 20분,35.154019,129.01641,35.176353,129.04646,초급,초급1,134.55,7.5,10,10.0,37,0.1643989873053573,7.3,8.1,7.1,7.5,7.0,6.9,7.1,전망,8.1
금정산_34,금정산,등하산_횡단,674.2,578.523,10.15,10.15,238,3시간 58분,35.196894,128.995201,35.18197,129.046641,초급,초급2,154.73,7.3,10,10.0,37,0.1643989873053573,7.3,8.1,7.1,7.5,7.0,6.9,7.1,전망,8.1
금정산_35,금정산,등하산_원점회귀,550.0,1348.0,11.58,11.58,377,6시간 17분,35.269307,129.085165,35.259134,129.084146,상급,상급3,302.74,6.6,10,10.0,37,0.1643989873053573,7.3,8.1,7.1,7.5,7.0,6.9,7.1,전망,8.1
금정산_36,금정산,등하산_횡단,630.3,650.1130000000003,9.94,9.94,244,4시간 04분,35.212211,129.013581,35.182554,129.046872,초급,초급3,162.32,7.3,10,10.0,37,0.1643989873053573,7.3,8.1,7.1,7.5,7.0,6.9,7.1,전망,8.1
금정산_37,금정산,등하산_횡단,668.0,881.2199999999999,15.18,15.18,352,5시간 52분,35.218347,129.082444,35.175035,129.030441,중급,중급3,233.54,7.4,10,10.0,37,0.1643989873053573,7.3,8.1,7.1,7.5,7.0,6.9,7.1,전망,8.1
깃대봉_01,깃대봉,등하산_횡단,368.0,337.1829999999999,5.06,5.06,126,2시간 06분,34.68257,125.193113,34.705967,125.203113,입문,입문,83.4,3.7,0,0.0,1,1.0,7.6,8.4,7.3,7.5,6.8,7.9,7.3,전망,8.4
남산_01,남산,등하산_횡단,539.5,784.8490000000006,9.39,9.39,258,4시간 18분,35.798892,129.206709,35.776824,129.204941,중급,중급2,208.01,6.3,10,10.0,5,0.4472135954999579,7.2,7.5,7.4,7.3,7.0,6.8,7.6,계절매력,7.6
남산_02,남산,등하산_횡단,500.5,497.302,6.43,6.43,173,2시간 53분,35.790178,129.205217,35.806786,129.209614,초급,초급1,137.02,6.7,5,10.0,5,0.4472135954999579,7.2,7.5,7.4,7.3,7.0,6.8,7.6,계절매력,7.6
남산_03,남산,등하산_횡단,499.3,342.64300000000003,6.98,6.98,159,2시간 39분,35.802201,129.208334,35.776913,129.205004,입문,입문,98.75,6.5,10,10.0,5,0.4472135954999579,7.2,7.5,7.4,7.3,7.0,6.8,7.6,계절매력,7.6
남산_04,남산,등하산_횡단,492.9,413.903,6.31,6.31,155,2시간 35분,35.806088,129.212631,35.790684,129.205326,입문,입문,103.19,6.7,10,10.0,5,0.4472135954999579,7.2,7.5,7.4,7.3,7.0,6.8,7.6,계절매력,7.6
남산_05,남산,등하산_횡단,486.0,400.391,8.84,8.84,190,3시간 10분,35.825,129.22431,35.797356,129.243107,초급,초급1,120.13,7.0,10,10.0,5,0.4472135954999579,7.2,7.5,7.4,7.3,7.0,6.8,7.6,계절매력,7.6
내연산_01,내연산,등하산_원점회귀,721.2,779.051,9.32,9.32,248,4시간 08분,36.244739,129.32025,36.250545,129.318827,중급,중급2,206.47,5.3,10,10.0,5,0.4472135954999579,7.2,7.9,7.5,7.2,6.5,6.6,8.0,계절매력,8.0
내연산_02,내연산,편도_등산,959.1,1172.6339999999998,7.06,14.12,388,6시간 28분,36.217465,129.258896,36.263301,129.258523,상급,상급3,311.79,2.2,10,10.0,5,0.4472135954999579,7.2,7.9,7.5,7.2,6.5,6.6,8.0,계절매력,8.0
내연산_03,내연산,등하산_원점회귀,814.3,692.315,9.13,9.13,233,3시간 53분,36.215403,129.259761,36.218669,129.258843,중급,중급1,192.64,2.0,10,10.0,5,0.4472135954999579,7.2,7.9,7.5,7.2,6.5,6.6,8.0,계절매력,8.0
내연산_04,내연산,등하산_횡단,636.2,783.749,8.03,8.03,233,3시간 53분,36.25075,129.318572,36.258851,129.305338,중급,중급1,192.23,5.0,8,8.0,5,0.4472135954999579,7.2,7.9,7.5,7.2,6.5,6.6,8.0,계절매력,8.0
내연산_05,내연산,편도_등산,924.8,1111.4379999999996,6.26,12.52,355,5시간 55분,36.268981,129.23589,36.278654,129.28986,상급,상급3,285.83,3.7,0,5.0,5,0.4472135954999579,7.2,7.9,7.5,7.2,6.5,6.6,8.0,계절매력,8.0
내장산_01,내장산,등하산_횡단,780.9,885.3469999999998,8.86,8.86,260,4시간 20분,35.494187,126.925911,35.486776,126.891695,중급,중급2,214.6,5.4,10,10.0,4,0.5,7.3,7.5,6.8,7.6,6.4,7.2,8.5,계절매력,8.5
내장산_02,내장산,등하산_원점회귀,787.7,1246.0149999999987,13.2,13.2,382,6시간 22분,35.492986,126.928108,35.485804,126.915257,상급,상급3,310.75,5.4,10,10.0,4,0.5,7.3,7.5,6.8,7.6,6.4,7.2,8.5,계절매력,8.5
내장산_03,내장산,등하산_횡단,772.4,1304.035,16.16,16.16,436,7시간 16분,35.424472,126.878816,35.493324,126.928068,최상급,최상급2,351.75,5.3,10,10.0,4,0.5,7.3,7.5,6.8,7.6,6.4,7.2,8.5,계절매력,8.5
내장산_04,내장산,등하산_원점회귀,637.5,784.3209999999998,6.53,6.53,199,3시간 19분,35.487765,126.908356,35.488463,126.906362,초급,초급3,173.41,5.4,10,2.0,4,0.5,7.3,7.5,6.8,7.6,6.4,7.2,8.5,계절매력,8.5
대둔산_01,대둔산,등하산_횡단,857.5,692.0450000000002,5.62,5.62,182,3시간 02분,36.14511,127.305661,36.130401,127.308389,초급,초급2,151.11,5.4,10,10.0,1,1.0,7.7,8.4,7.2,7.9,6.7,8.0,8.3,전망,8.4
대야산_01,대야산,등하산_원점회귀,946.1,1495.2720000000015,8.56,8.56,349,5시간 49분,36.675635,127.959658,36.667854,127.959887,최상급,최상급1,342.67,4.3,10,5.0,3,0.5773502691896258,7.2,7.6,7.3,7.1,6.4,7.3,7.6,전망,7.6
대야산_02,대야산,등하산_원점회귀,1000.8,1909.3410000000008,12.54,12.54,474,7시간 54분,36.672515,127.961755,36.671581,127.961081,최상급,최상급3,468.67,4.4,10,8.0,3,0.5773502691896258,7.2,7.6,7.3,7.1,6.4,7.3,7.6,전망,7.6
대야산_03,대야산,등하산_원점회귀,910.7,1592.2810000000002,8.65,8.65,368,6시간 08분,36.674947,127.95946,36.668503,127.960237,최상급,최상급2,355.46,4.3,10,5.0,3,0.5773502691896258,7.2,7.6,7.3,7.1,6.4,7.3,7.6,전망,7.6
덕숭산_01,덕숭산,등하산_원점회귀,520.0,603.0,5.55,5.55,174,2시간 54분,36.65624,126.621143,36.656268,126.621293,초급,초급2,140.17,5.8,10,10.0,3,0.5773502691896258,6.9,7.0,7.4,6.7,6.6,6.3,7.4,힐링,7.4
덕숭산_02,덕숭산,등하산_횡단,512.0,588.0,4.15,4.15,140,2시간 20분,36.656025,126.62129,36.663241,126.62078,초급,초급2,149.62,5.9,10,10.0,3,0.5773502691896258,6.9,7.0,7.4,6.7,6.6,6.3,7.4,힐링,7.4
덕숭산_03,덕숭산,편도_등산,432.0,1816.0,9.74,19.48,565,9시간 25분,36.631546,126.64995,36.674883,126.628332,최상급,최상급3,455.74,6.3,2,10.0,3,0.5773502691896258,6.9,7.0,7.4,6.7,6.6,6.3,7.4,힐링,7.4
덕유산_01,덕유산,등하산_횡단,927.3,704.2799999999996,7.16,7.16,200,3시간 20분,35.901437,127.776048,35.875208,127.776037,초급,초급3,172.07,5.9,10,10.0,10,0.3162277660168379,7.5,8.3,7.1,7.8,6.9,6.8,8.7,계절매력,8.7
덕유산_02,덕유산,편도_등산,1638.7,2645.891000000001,8.12,16.24,641,10시간 41분,35.865561,127.743524,35.85993,127.746383,초인,초인3,627.85,5.1,0,0.0,10,0.3162277660168379,7.5,8.3,7.1,7.8,6.9,6.8,8.7,계절매력,8.7
덕유산_03,덕유산,편도_등산,1526.3,2612.266000000003,7.03,14.06,603,10시간 03분,35.839468,127.690999,35.843906,127.745041,초인,초인2,580.46,4.9,5,10.0,10,0.3162277660168379,7.5,8.3,7.1,7.8,6.9,6.8,8.7,계절매력,8.7
덕유산_04,덕유산,편도_등산,1614.4,2636.5640000000026,6.94,13.88,604,10시간 04분,35.832428,127.799643,35.851545,127.747358,초인,초인2,579.41,3.9,0,10.0,10,0.3162277660168379,7.5,8.3,7.1,7.8,6.9,6.8,8.7,계절매력,8.7
덕유산_05,덕유산,편도_등산,1367.8,2125.8600000000006,6.39,12.78,511,8시간 31분,35.867453,127.827854,35.839712,127.772824,초인,초인1,499.24,4.3,0,5.0,10,0.3162277660168379,7.5,8.3,7.1,7.8,6.9,6.8,8.7,계절매력,8.7
덕유산_06,덕유산,등하산_횡단,1516.2,997.8720000000015,6.01,6.01,243,4시간 03분,35.827201,127.739228,35.79109,127.704909,중급,중급3,234.56,3.9,0,0.0,10,0.3162277660168379,7.5,8.3,7.1,7.8,6.9,6.8,8.7,계절매력,8.7
덕유산_07,덕유산,편도_등산,1535.4,2445.131,6.51,13.02,562,9시간 22분,35.801524,127.652985,35.767518,127.679508,초인,초인2,540.42,3.9,10,0.0,10,0.3162277660168379,7.5,8.3,7.1,7.8,6.9,6.8,8.7,계절매력,8.7
덕유산_08,덕유산,등하산_횡단,1052.7,1155.8689999999992,6.11,6.11,268,4시간 28분,35.718277,127.66026,35.738956,127.679033,상급,상급1,254.54,3.7,10,10.0,10,0.3162277660168379,7.5,8.3,7.1,7.8,6.9,6.8,8.7,계절매력,8.7
덕유산_09,덕유산,등하산_원점회귀,1525.9,1673.3810000000008,8.59,8.59,371,6시간 11분,35.740484,127.679916,35.744019,127.679225,최상급,최상급2,363.14,3.5,10,8.0,10,0.3162277660168379,7.5,8.3,7.1,7.8,6.9,6.8,8.7,계절매력,8.7
덕유산_10,덕유산,등하산_원점회귀,1438.4,1145.5580000000004,8.77,8.77,306,5시간 06분,35.770019,127.71975,35.770177,127.718969,상급,상급3,303.59,4.6,10,10.0,10,0.3162277660168379,7.5,8.3,7.1,7.8,6.9,6.8,8.7,계절매력,8.7
덕항산_01,덕항산,등하산_횡단,1099.5,372.82100000000025,5.15,5.15,125,2시간 05분,37.304266,128.991923,37.304536,129.005677,입문,입문,88.48,3.6,0,10.0,2,0.7071067811865475,6.5,6.2,6.9,6.6,6.2,6.6,6.8,힐링,6.9
덕항산_02,덕항산,등하산_원점회귀,1110.7,659.385,6.15,6.15,192,3시간 12분,37.323393,129.013996,37.323378,129.013628,초급,초급2,154.3,4.3,8,5.0,2,0.7071067811865475,6.5,6.2,6.9,6.6,6.2,6.6,6.8,힐링,6.9
도락산_01,도락산,등하산_원점회귀,984.9,1031.4699999999991,6.06,6.06,239,3시간 59분,36.87441,128.292544,36.872222,128.295041,중급,중급3,239.46,4.8,10,10.0,1,1.0,7.3,8.1,7.0,7.5,6.4,7.8,7.2,전망,8.1
도봉산_03,도봉산,편도_하산,759.3,635.2189999999997,3.74,7.47,207,3시간 27분,37.686373,127.035664,37.695489,127.009364,초급,초급3,166.91,7.0,10,8.0,19,0.2294157338705617,7.5,8.2,6.8,7.4,6.7,7.9,7.9,전망,8.2
도봉산_06,도봉산,등하산_횡단,662.6,594.8230000000002,4.24,4.24,135,2시간 15분,37.713225,126.982022,37.690558,127.007977,초급,초급2,152.11,6.3,10,8.0,19,0.2294157338705617,7.5,8.2,6.8,7.4,6.7,7.9,7.9,전망,8.2
도봉산_07,도봉산,등하산_원점회귀,726.7,984.787,12.28,12.28,331,5시간 31분,37.715705,126.979517,37.718124,126.982102,상급,상급2,266.46,6.3,10,10.0,19,0.2294157338705617,7.5,8.2,6.8,7.4,6.7,7.9,7.9,전망,8.2
도봉산_08,도봉산,등하산_원점회귀,733.3,973.7450000000003,5.71,5.71,230,3시간 50분,37.686128,127.036307,37.687905,127.028102,중급,중급3,225.85,6.9,10,8.0,19,0.2294157338705617,7.5,8.2,6.8,7.4,6.7,7.9,7.9,전망,8.2
도봉산_11,도봉산,등하산_횡단,607.5,857.2689999999997,8.94,8.94,266,4시간 26분,37.69332,126.96605,37.663009,127.01257,중급,중급2,212.12,6.6,2,10.0,19,0.2294157338705617,7.5,8.2,6.8,7.4,6.7,7.9,7.9,전망,8.2
도봉산_12,도봉산,등하산_원점회귀,548.8,811.0120000000006,10.44,10.44,275,4시간 35분,37.716226,126.979843,37.721097,126.988149,중급,중급2,222.96,6.3,10,10.0,19,0.2294157338705617,7.5,8.2,6.8,7.4,6.7,7.9,7.9,전망,8.2
도봉산_16,도봉산,등하산_횡단,543.8,872.6659999999995,6.71,6.71,238,3시간 58분,37.729909,126.996411,37.72438,127.046926,중급,중급3,231.77,6.7,0,10.0,19,0.2294157338705617,7.5,8.2,6.8,7.4,6.7,7.9,7.9,전망,8.2
도봉산_25,도봉산,등하산_횡단,348.3,296.34700000000004,7.47,7.47,163,2시간 43분,37.700046,126.97065,37.66347,127.01227,입문,입문,95.0,6.6,2,10.0,19,0.2294157338705617,7.5,8.2,6.8,7.4,6.7,7.9,7.9,전망,8.2
도봉산_26,도봉산,등하산_원점회귀,560.8,1055.1619999999996,9.21,9.21,299,4시간 59분,37.688901,127.045427,37.678018,127.044923,중급,중급3,238.87,6.9,10,10.0,19,0.2294157338705617,7.5,8.2,6.8,7.4,6.7,7.9,7.9,전망,8.2
도봉산_36,도봉산,등하산_원점회귀,570.0,1005.8900000000004,7.91,7.91,269,4시간 29분,37.742915,127.028001,37.739425,127.034731,상급,상급2,270.17,6.9,10,10.0,19,0.2294157338705617,7.5,8.2,6.8,7.4,6.7,7.9,7.9,전망,8.2
도봉산_37,도봉산,등하산_횡단,418.0,1068.3539999999994,9.64,9.64,294,4시간 54분,37.743097,127.02787,37.711556,127.046829,상급,상급1,245.9,6.8,10,10.0,19,0.2294157338705617,7.5,8.2,6.8,7.4,6.7,7.9,7.9,전망,8.2
도봉산_38,도봉산,등하산_횡단,667.2,964.6780000000005,7.11,7.11,250,4시간 10분,37.722249,127.04367,37.709115,127.04747,상급,상급1,250.84,6.7,10,10.0,19,0.2294157338705617,7.5,8.2,6.8,7.4,6.7,7.9,7.9,전망,8.2
도봉산_39,도봉산,등하산_원점회귀,734.6,1295.629,7.53,7.53,286,4시간 46분,37.709042,127.047593,37.705683,127.037233,상급,상급3,299.17,6.6,10,10.0,19,0.2294157338705617,7.5,8.2,6.8,7.4,6.7,7.9,7.9,전망,8.2
도봉산_40,도봉산,등하산_횡단,432.5,516.658,5.99,5.99,170,2시간 50분,37.709123,127.047494,37.695281,127.044852,초급,초급1,134.8,6.7,10,10.0,19,0.2294157338705617,7.5,8.2,6.8,7.4,6.7,7.9,7.9,전망,8.2
도봉산_41,도봉산,등하산_횡단,526.8,1106.1479999999997,6.0,6.0,255,4시간 15분,37.688835,127.045589,37.696638,127.02943,상급,상급1,246.75,6.7,10,10.0,19,0.2294157338705617,7.5,8.2,6.8,7.4,6.7,7.9,7.9,전망,8.2
도봉산_42,도봉산,등하산_횡단,659.3,989.5849999999998,6.64,6.64,238,3시간 58분,37.689022,127.045786,37.687914,127.028132,상급,상급1,245.52,6.8,10,10.0,19,0.2294157338705617,7.5,8.2,6.8,7.4,6.7,7.9,7.9,전망,8.2
도봉산_43,도봉산,등하산_횡단,654.0,1222.1770000000006,10.15,10.15,327,5시간 27분,37.688993,127.045778,37.667078,127.042393,상급,상급2,269.88,7.0,10,10.0,19,0.2294157338705617,7.5,8.2,6.8,7.4,6.7,7.9,7.9,전망,8.2
도봉산_44,도봉산,등하산_횡단,222.0,883.9470000000003,6.02,6.02,220,3시간 40분,37.686097,127.036384,37.663106,127.012809,중급,중급2,220.95,6.9,10,10.0,19,0.2294157338705617,7.5,8.2,6.8,7.4,6.7,7.9,7.9,전망,8.2
도봉산_50,도봉산,등하산_횡단,738.6,1154.6659999999997,5.02,5.02,232,3시간 52분,37.687803,127.035126,37.695882,127.02152,중급,중급3,230.6,6.7,10,8.0,19,0.2294157338705617,7.5,8.2,6.8,7.4,6.7,7.9,7.9,전망,8.2
두륜산_01,두륜산,등하산_횡단,721.0,885.0,10.1,10.1,286,4시간 46분,34.474365,126.630688,34.496526,126.625255,중급,중급3,229.08,5.3,2,2.0,4,0.5,7.4,8.1,7.2,7.6,6.6,7.4,7.6,전망,8.1
두륜산_02,두륜산,편도_등산,650.0,1429.0,9.27,18.55,493,8시간 13분,34.496448,126.625236,34.467931,126.63501,최상급,최상급3,394.5,5.4,10,8.0,4,0.5,7.4,8.1,7.2,7.6,6.6,7.4,7.6,전망,8.1
두륜산_03,두륜산,편도_등산,653.0,984.0,5.21,10.41,304,5시간 04분,34.48377,126.614605,34.481608,126.633698,상급,상급1,245.24,5.3,10,2.0,4,0.5,7.4,8.1,7.2,7.6,6.6,7.4,7.6,전망,8.1
두륜산_04,두륜산,등하산_횡단,725.0,989.0,6.03,6.03,225,3시간 45분,34.48447,126.649107,34.477863,126.634765,중급,중급3,233.9,5.1,10,10.0,4,0.5,7.4,8.1,7.2,7.6,6.6,7.4,7.6,전망,8.1
두타산_01,두타산,편도_등산,1370.1,1203.066999999999,6.24,12.48,368,6시간 08분,37.38491,129.012867,37.42607,129.004675,상급,상급3,296.9,3.0,10,10.0,4,0.5,7.4,8.0,7.5,7.6,6.4,7.2,7.6,전망,8.0
두타산_02,두타산,등하산_원점회귀,1367.1,1183.847,6.66,6.66,237,3시간 57분,37.444808,129.045578,37.444071,129.035786,상급,상급2,268.94,4.7,0,8.0,4,0.5,7.4,8.0,7.5,7.6,6.4,7.2,7.6,전망,8.0
두타산_03,두타산,등하산_횡단,670.8,660.1549999999999,6.18,6.18,189,3시간 09분,37.466304,129.031188,37.463019,129.018724,초급,초급2,154.77,4.9,8,10.0,4,0.5,7.4,8.0,7.5,7.6,6.4,7.2,7.6,전망,8.0
두타산_04,두타산,등하산_원점회귀,1428.0,1678.9880000000005,13.74,13.74,453,7시간 33분,37.463453,129.021591,37.457897,129.004246,최상급,최상급2,368.03,4.8,10,10.0,4,0.5,7.4,8.0,7.5,7.6,6.4,7.2,7.6,전망,8.0
마니산_01,마니산,등하산_원점회귀,491.4,1051.2539999999997,5.04,5.04,242,4시간 02분,37.609451,126.456947,37.604007,126.457228,중급,중급2,220.47,6.5,10,10.0,3,0.5773502691896258,6.9,7.6,6.8,7.2,6.4,6.8,6.8,전망,7.6
마니산_02,마니산,등하산_원점회귀,480.0,914.6100000000002,5.7,5.7,219,3시간 39분,37.633875,126.423436,37.630105,126.423866,중급,중급2,218.69,6.3,10,10.0,3,0.5773502691896258,6.9,7.6,6.8,7.2,6.4,6.8,6.8,전망,7.6
마니산_03,마니산,등하산_횡단,471.5,940.035,2.98,2.98,176,2시간 56분,37.609501,126.45718,37.612156,126.44416,초급,초급2,160.31,6.5,10,10.0,3,0.5773502691896258,6.9,7.6,6.8,7.2,6.4,6.8,6.8,전망,7.6
마이산_01,마이산,등하산_횡단,701.8,396.9259999999999,5.81,5.81,140,2시간 20분,35.756683,127.39356,35.758897,127.411689,입문,입문,96.97,5.3,10,10.0,6,0.4082482904638631,7.3,7.7,7.1,7.5,6.6,7.1,7.7,전망,7.7
마이산_02,마이산,등하산_원점회귀,563.5,740.1579999999999,7.02,7.02,215,3시간 35분,35.775066,127.418245,35.772132,127.416154,초급,초급3,174.66,5.7,10,10.0,6,0.4082482904638631,7.3,7.7,7.1,7.5,6.6,7.1,7.7,전망,7.7
마이산_03,마이산,등하산_횡단,635.6,1064.8000000000004,7.62,7.62,272,4시간 32분,35.739136,127.35429,35.756392,127.393802,상급,상급2,272.83,4.8,5,8.0,6,0.4082482904638631,7.3,7.7,7.1,7.5,6.6,7.1,7.7,전망,7.7
마이산_04,마이산,등하산_원점회귀,602.2,1167.8929999999996,10.19,10.19,327,5시간 27분,35.755461,127.353453,35.755422,127.353257,상급,상급2,264.33,4.3,2,8.0,6,0.4082482904638631,7.3,7.7,7.1,7.5,6.6,7.1,7.7,전망,7.7
마이산_05,마이산,등하산_횡단,568.9,718.3300000000002,3.97,3.97,167,2시간 47분,35.748413,127.417688,35.755622,127.42865,초급,초급2,161.75,5.2,2,10.0,6,0.4082482904638631,7.3,7.7,7.1,7.5,6.6,7.1,7.7,전망,7.7
마이산_06,마이산,등하산_원점회귀,500.5,349.4759999999999,2.33,2.33,87,1시간 27분,35.769794,127.414239,35.767119,127.413804,입문,입문,86.43,5.6,10,10.0,6,0.4082482904638631,7.3,7.7,7.1,7.5,6.6,7.1,7.7,전망,7.7
명성산_01,명성산,등하산_원점회귀,926.2,782.6819999999998,7.36,7.36,218,3시간 38분,38.067609,127.325068,38.06742,127.32829,중급,중급1,183.91,6.0,10,10.0,1,1.0,7.6,8.2,7.1,8.1,6.2,7.1,9.3,계절매력,9.3
명지산_01,명지산,등하산_원점회귀,1242.6,1007.0010000000002,11.13,11.13,310,5시간 10분,37.935553,127.489606,37.936509,127.484558,상급,상급1,256.52,5.8,10,10.0,4,0.5,6.7,7.2,6.8,6.5,5.3,7.3,7.2,성취감,7.3
명지산_02,명지산,등하산_원점회귀,1266.8,935.438,8.97,8.97,270,4시간 30분,37.908818,127.444053,37.910742,127.441382,중급,중급2,221.96,5.1,2,10.0,4,0.5,6.7,7.2,6.8,6.5,5.3,7.3,7.2,성취감,7.3
명지산_03,명지산,등하산_횡단,989.3,697.1210000000001,6.64,6.64,195,3시간 15분,37.904408,127.455648,37.908698,127.44452,초급,초급3,164.86,5.2,10,10.0,4,0.5,6.7,7.2,6.8,6.5,5.3,7.3,7.2,성취감,7.3
명지산_04,명지산,등하산_횡단,1281.2,1031.173,8.41,8.41,256,4시간 16분,37.935502,127.489511,37.935438,127.442953,중급,중급3,225.65,5.6,10,10.0,4,0.5,6.7,7.2,6.8,6.5,5.3,7.3,7.2,성취감,7.3
모악산_01,모악산,등하산_횡단,812.7,624.901,7.62,7.62,206,3시간 26분,35.757907,127.086606,35.729261,127.110108,초급,초급3,167.2,5.6,10,5.0,3,0.5773502691896258,7.1,7.4,7.3,7.1,6.7,6.5,7.7,계절매력,7.7
모악산_02,모악산,편도_하산,683.2,519.6760000000002,4.51,9.03,213,3시간 33분,35.718937,127.039432,35.739654,127.071936,초급,초급1,138.32,5.2,10,10.0,3,0.5773502691896258,7.1,7.4,7.3,7.1,6.7,6.5,7.7,계절매력,7.7
모악산_03,모악산,편도_등산,728.7,549.8,2.42,4.83,155,2시간 35분,35.724985,127.061575,35.730521,127.081325,초급,초급1,124.86,5.3,5,2.0,3,0.5773502691896258,7.1,7.4,7.3,7.1,6.7,6.5,7.7,계절매력,7.7
무등산_01,무등산,편도_등산,638.0,1459.3419999999992,6.58,13.15,416,6시간 56분,35.134054,126.955446,35.138255,126.977266,최상급,최상급1,335.66,6.9,10,10.0,31,0.1796053020267749,7.2,7.9,7.0,7.3,6.7,6.9,7.7,전망,7.9
무등산_02,무등산,등하산_원점회귀,895.8,1096.571,8.35,8.35,288,4시간 48분,35.134122,126.955742,35.131441,126.963495,상급,상급3,289.83,6.6,10,10.0,31,0.1796053020267749,7.2,7.9,7.0,7.3,6.7,6.9,7.7,전망,7.9
무등산_03,무등산,등하산_원점회귀,937.1,1006.6230000000006,7.72,7.72,268,4시간 28분,35.130378,126.964934,35.131471,126.963469,상급,상급2,267.0,6.4,8,5.0,31,0.1796053020267749,7.2,7.9,7.0,7.3,6.7,6.9,7.7,전망,7.9
무등산_04,무등산,편도_등산,1120.2,1442.8039999999996,6.75,13.5,419,6시간 59분,35.145754,126.987421,35.120694,127.002706,최상급,최상급1,338.17,5.4,10,10.0,31,0.1796053020267749,7.2,7.9,7.0,7.3,6.7,6.9,7.7,전망,7.9
무등산_05,무등산,등하산_원점회귀,921.9,658.7420000000001,5.49,5.49,180,3시간 00분,35.104834,126.989397,35.104229,126.992987,초급,초급2,145.72,5.5,0,8.0,31,0.1796053020267749,7.2,7.9,7.0,7.3,6.7,6.9,7.7,전망,7.9
무등산_06,무등산,등하산_원점회귀,954.1,694.9169999999999,9.39,9.39,246,4시간 06분,35.145805,126.987334,35.145821,126.987446,초급,초급3,163.11,5.6,10,10.0,31,0.1796053020267749,7.2,7.9,7.0,7.3,6.7,6.9,7.7,전망,7.9
무등산_07,무등산,등하산_원점회귀,381.0,835.1289999999995,7.5,7.5,236,3시간 56분,35.178703,126.941878,35.176496,126.94038,중급,중급1,191.77,7.0,8,10.0,31,0.1796053020267749,7.2,7.9,7.0,7.3,6.7,6.9,7.7,전망,7.9
무등산_08,무등산,등하산_원점회귀,406.2,715.4960000000003,6.94,6.94,208,3시간 28분,35.162576,126.962379,35.162017,126.962411,초급,초급3,170.74,6.7,10,10.0,31,0.1796053020267749,7.2,7.9,7.0,7.3,6.7,6.9,7.7,전망,7.9
무등산_09,무등산,등하산_원점회귀,587.6,880.6280000000008,8.58,8.58,256,4시간 16분,35.152343,126.969252,35.161089,126.977655,중급,중급2,210.62,6.2,10,10.0,31,0.1796053020267749,7.2,7.9,7.0,7.3,6.7,6.9,7.7,전망,7.9
무등산_10,무등산,등하산_횡단,473.0,835.4050000000002,7.22,7.22,228,3시간 48분,35.167637,126.999173,35.161354,126.97799,중급,중급1,188.18,5.7,10,10.0,31,0.1796053020267749,7.2,7.9,7.0,7.3,6.7,6.9,7.7,전망,7.9
무등산_11,무등산,등하산_횡단,402.0,647.7670000000005,7.08,7.08,209,3시간 29분,35.161967,126.979799,35.163457,126.999206,초급,초급3,164.09,5.7,2,10.0,31,0.1796053020267749,7.2,7.9,7.0,7.3,6.7,6.9,7.7,전망,7.9
무등산_12,무등산,등하산_횡단,502.8,545.8,7.98,7.98,214,3시간 34분,35.174711,127.009203,35.167461,126.999408,초급,초급1,133.26,5.3,5,10.0,31,0.1796053020267749,7.2,7.9,7.0,7.3,6.7,6.9,7.7,전망,7.9
무등산_13,무등산,등하산_원점회귀,801.7,852.0119999999996,7.04,7.04,218,3시간 38분,35.165307,127.035642,35.163558,127.031654,중급,중급1,187.66,4.9,2,10.0,31,0.1796053020267749,7.2,7.9,7.0,7.3,6.7,6.9,7.7,전망,7.9
무등산_14,무등산,등하산_횡단,800.6,1045.034,7.31,7.31,240,4시간 00분,35.161057,127.040685,35.158453,127.052703,상급,상급2,264.73,4.4,2,10.0,31,0.1796053020267749,7.2,7.9,7.0,7.3,6.7,6.9,7.7,전망,7.9
무등산_15,무등산,등하산_원점회귀,492.4,904.7840000000004,7.95,7.95,256,4시간 16분,35.120478,126.936999,35.121545,126.937552,중급,중급2,205.5,7.0,10,10.0,31,0.1796053020267749,7.2,7.9,7.0,7.3,6.7,6.9,7.7,전망,7.9
무등산_16,무등산,등하산_횡단,945.6,790.7999999999996,6.18,6.18,202,3시간 22분,35.095978,127.002031,35.091825,127.027187,중급,중급2,211.74,5.3,2,10.0,31,0.1796053020267749,7.2,7.9,7.0,7.3,6.7,6.9,7.7,전망,7.9
무등산_17,무등산,등하산_원점회귀,1117.5,909.715,6.35,6.35,207,3시간 27분,35.114279,127.031647,35.119359,127.034525,중급,중급3,230.2,4.3,2,5.0,31,0.1796053020267749,7.2,7.9,7.0,7.3,6.7,6.9,7.7,전망,7.9
무등산_18,무등산,등하산_원점회귀,856.2,719.2359999999999,7.0,7.0,198,3시간 18분,35.116522,127.043732,35.12263,127.041232,초급,초급3,171.93,4.1,5,10.0,31,0.1796053020267749,7.2,7.9,7.0,7.3,6.7,6.9,7.7,전망,7.9
무등산_19,무등산,편도_등산,954.0,1141.5249999999996,6.6,13.2,369,6시간 09분,35.114053,127.031552,35.116263,126.998674,상급,상급3,297.44,4.3,2,5.0,31,0.1796053020267749,7.2,7.9,7.0,7.3,6.7,6.9,7.7,전망,7.9
무등산_20,무등산,편도_등산,802.1,757.9000000000001,5.26,10.51,271,4시간 31분,35.129169,127.043057,35.129299,127.01828,중급,중급1,180.21,4.0,0,10.0,31,0.1796053020267749,7.2,7.9,7.0,7.3,6.7,6.9,7.7,전망,7.9
무등산_21,무등산,등하산_횡단,632.3,957.2349999999996,9.43,9.43,283,4시간 43분,35.09018,126.951423,35.099979,126.96374,중급,중급3,230.21,5.8,5,10.0,31,0.1796053020267749,7.2,7.9,7.0,7.3,6.7,6.9,7.7,전망,7.9
무등산_22,무등산,등하산_횡단,690.4,661.9150000000001,6.16,6.16,190,3시간 10분,35.07959,126.98487,35.072764,127.001126,초급,초급2,154.72,6.1,2,2.0,31,0.1796053020267749,7.2,7.9,7.0,7.3,6.7,6.9,7.7,전망,7.9
무등산_23,무등산,편도_등산,640.6,1653.1690000000003,7.34,14.68,468,7시간 48분,35.074813,126.988677,35.104266,126.99294,최상급,최상급2,377.47,6.4,2,8.0,31,0.1796053020267749,7.2,7.9,7.0,7.3,6.7,6.9,7.7,전망,7.9
무등산_24,무등산,등하산_횡단,604.0,618.871,6.81,6.81,196,3시간 16분,35.082356,127.002383,35.084483,126.981601,초급,초급2,157.3,5.9,10,2.0,31,0.1796053020267749,7.2,7.9,7.0,7.3,6.7,6.9,7.7,전망,7.9
무등산_25,무등산,등하산_횡단,549.4,771.6480000000007,8.56,8.56,239,3시간 59분,35.064598,126.982644,35.07483,126.960435,중급,중급1,196.93,6.0,10,10.0,31,0.1796053020267749,7.2,7.9,7.0,7.3,6.7,6.9,7.7,전망,7.9
무등산_26,무등산,등하산_원점회귀,336.7,640.6810000000003,7.4,7.4,206,3시간 26분,35.125872,126.870648,35.125524,126.870565,초급,초급3,166.84,7.4,10,10.0,31,0.1796053020267749,7.2,7.9,7.0,7.3,6.7,6.9,7.7,전망,7.9
무등산_27,무등산,편도_등산,308.0,845.384,5.35,10.7,287,4시간 47분,35.17884,126.942028,35.161942,126.980045,중급,중급3,230.45,7.1,8,10.0,31,0.1796053020267749,7.2,7.9,7.0,7.3,6.7,6.9,7.7,전망,7.9
무등산_28,무등산,등하산_횡단,397.0,786.2259999999999,15.78,15.78,355,5시간 55분,35.164686,126.979906,35.117287,127.045015,중급,중급3,224.91,5.4,2,10.0,31,0.1796053020267749,7.2,7.9,7.0,7.3,6.7,6.9,7.7,전망,7.9
무등산_29,무등산,등하산_횡단,507.1,1043.3179999999998,18.69,18.69,444,7시간 24분,35.11728,127.044989,35.088993,126.94721,상급,상급3,281.97,5.3,2,10.0,31,0.1796053020267749,7.2,7.9,7.0,7.3,6.7,6.9,7.7,전망,7.9
무등산_30,무등산,편도_등산,375.2,1702.3979999999992,11.68,23.36,606,10시간 06분,35.131784,126.945904,35.116965,126.887732,최상급,최상급3,402.67,7.1,10,10.0,31,0.1796053020267749,7.2,7.9,7.0,7.3,6.7,6.9,7.7,전망,7.9
무등산_31,무등산,등하산_횡단,407.2,1454.2869999999994,18.75,18.75,497,8시간 17분,35.23323,126.904218,35.132443,126.945944,최상급,최상급3,400.12,6.6,5,8.0,31,0.1796053020267749,7.2,7.9,7.0,7.3,6.7,6.9,7.7,전망,7.9
무학산_01,무학산,등하산_횡단,773.2,777.5159999999996,7.1,7.1,223,3시간 43분,35.210958,128.562819,35.18541,128.552099,중급,중급1,180.03,6.8,10,10.0,6,0.4082482904638631,7.1,7.6,7.0,7.3,6.5,6.8,7.4,전망,7.6
무학산_02,무학산,등하산_원점회귀,775.4,829.3,6.85,6.85,227,3시간 47분,35.211042,128.563066,35.211195,128.562932,중급,중급1,182.63,7.0,10,10.0,6,0.4082482904638631,7.1,7.6,7.0,7.3,6.5,6.8,7.4,전망,7.6
무학산_03,무학산,등하산_횡단,760.5,852.6970000000002,7.41,7.41,220,3시간 40분,35.249456,128.518419,35.242314,128.533124,중급,중급1,192.61,6.4,10,10.0,6,0.4082482904638631,7.1,7.6,7.0,7.3,6.5,6.8,7.4,전망,7.6
무학산_04,무학산,등하산_횡단,784.0,866.9410000000001,9.48,9.48,276,4시간 36분,35.233165,128.506406,35.228854,128.568237,중급,중급2,219.67,6.5,10,10.0,6,0.4082482904638631,7.1,7.6,7.0,7.3,6.5,6.8,7.4,전망,7.6
무학산_05,무학산,등하산_횡단,783.4,906.5330000000006,8.06,8.06,257,4시간 17분,35.220636,128.56179,35.199173,128.556635,중급,중급2,207.12,7.0,5,10.0,6,0.4082482904638631,7.1,7.6,7.0,7.3,6.5,6.8,7.4,전망,7.6
무학산_06,무학산,등하산_횡단,785.2,817.4790000000006,8.27,8.27,246,4시간 06분,35.237891,128.542982,35.229084,128.505451,중급,중급1,199.23,6.4,5,10.0,6,0.4082482904638631,7.1,7.6,7.0,7.3,6.5,6.8,7.4,전망,7.6
미륵산_01,미륵산,등하산_원점회귀,455.5,928.1,6.84,6.84,240,4시간 00분,34.824047,128.415198,34.821807,128.414732,중급,중급3,241.32,6.8,10,10.0,6,0.4082482904638631,7.3,8.4,7.0,7.4,6.9,6.6,7.2,전망,8.4
미륵산_02,미륵산,등하산_횡단,350.3,1068.1,7.75,7.75,271,4시간 31분,34.769528,128.401292,34.82229,128.39664,상급,상급2,275.57,6.3,10,10.0,6,0.4082482904638631,7.3,8.4,7.0,7.4,6.9,6.6,7.2,전망,8.4
미륵산_03,미륵산,등하산_원점회귀,449.8,732.3000000000001,9.31,9.31,254,4시간 14분,34.821822,128.414523,34.821847,128.414792,중급,중급1,200.07,6.8,10,10.0,6,0.4082482904638631,7.3,8.4,7.0,7.4,6.9,6.6,7.2,전망,8.4
미륵산_04,미륵산,등하산_원점회귀,309.5,617.1000000000004,6.29,6.29,181,3시간 01분,34.827702,128.410285,34.821687,128.404245,초급,초급2,150.96,6.9,8,10.0,6,0.4082482904638631,7.3,8.4,7.0,7.4,6.9,6.6,7.2,전망,8.4
미륵산_05,미륵산,등하산_원점회귀,336.7,741.6999999999999,7.36,7.36,226,3시간 46분,34.803747,128.421023,34.801552,128.423163,중급,중급1,179.03,6.3,10,5.0,6,0.4082482904638631,7.3,8.4,7.0,7.4,6.9,6.6,7.2,전망,8.4
미륵산_06,미륵산,등하산_원점회귀,161.9,661.4999999999998,6.77,6.77,195,3시간 15분,34.822072,128.414737,34.821019,128.418841,초급,초급3,162.15,6.8,10,10.0,6,0.4082482904638631,7.3,8.4,7.0,7.4,6.9,6.6,7.2,전망,8.4
민주지산_01,민주지산,등하산_원점회귀,1275.2,1000.6760000000002,9.96,9.96,294,4시간 54분,36.055939,127.872517,36.046743,127.87001,상급,상급1,241.9,4.5,10,8.0,3,0.5773502691896258,7.2,7.6,7.1,7.3,6.3,7.0,8.1,계절매력,8.1
민주지산_02,민주지산,등하산_원점회귀,1261.8,1095.554,11.58,11.58,334,5시간 34분,36.056806,127.872922,36.04683,127.869951,상급,상급2,272.92,4.5,10,8.0,3,0.5773502691896258,7.2,7.6,7.1,7.3,6.3,7.0,8.1,계절매력,8.1
민주지산_03,민주지산,등하산_횡단,1269.8,739.0839999999997,8.78,8.78,257,4시간 17분,36.068856,127.834594,36.059431,127.874345,중급,중급1,195.19,4.4,10,5.0,3,0.5773502691896258,7.2,7.6,7.1,7.3,6.3,7.0,8.1,계절매력,8.1
방장산_01,방장산,등하산_횡단,463.1,386.73700000000025,10.11,10.11,210,3시간 30분,35.443512,126.751717,35.468497,126.788938,초급,초급1,126.26,4.9,10,8.0,3,0.5773502691896258,7.1,7.5,7.0,7.1,6.2,7.2,7.7,계절매력,7.7
방장산_02,방장산,등하산_원점회귀,756.6,714.1560000000004,6.05,6.05,196,3시간 16분,35.468985,126.739364,35.46693,126.742937,초급,초급2,159.27,4.8,0,8.0,3,0.5773502691896258,7.1,7.5,7.0,7.1,6.2,7.2,7.7,계절매력,7.7
방장산_03,방장산,등하산_횡단,761.0,1023.619,8.63,8.63,284,4시간 44분,35.43499,126.751695,35.46823,126.789039,중급,중급3,227.74,5.0,10,8.0,3,0.5773502691896258,7.1,7.5,7.0,7.1,6.2,7.2,7.7,계절매력,7.7
방태산_01,방태산,등하산_원점회귀,1447.2,988.0679999999998,9.44,9.44,284,4시간 44분,37.914367,128.406956,37.910575,128.407074,중급,중급3,234.01,3.8,10,0.0,1,1.0,7.1,7.5,7.6,6.8,6.2,7.0,7.8,계절매력,7.8
백덕산_01,백덕산,편도_등산,1198.1,448.24900000000014,4.51,9.01,202,3시간 22분,37.426506,128.261558,37.406158,128.283331,초급,초급1,128.32,3.7,8,2.0,4,0.5,6.8,7.1,6.9,6.8,5.7,6.7,7.7,계절매력,7.7
백덕산_02,백덕산,편도_하산,1341.4,805.3030000000001,6.76,13.53,324,5시간 24분,37.42653,128.261804,37.406164,128.283331,중급,중급2,210.77,3.7,8,2.0,4,0.5,6.8,7.1,6.9,6.8,5.7,6.7,7.7,계절매력,7.7
백덕산_03,백덕산,등하산_원점회귀,1343.2,704.151,10.48,10.48,267,4시간 27분,37.429519,128.297793,37.43104,128.297654,초급,초급3,173.46,4.0,10,5.0,4,0.5,6.8,7.1,6.9,6.8,5.7,6.7,7.7,계절매력,7.7
백덕산_04,백덕산,등하산_원점회귀,1364.2,870.6239999999998,8.16,8.16,250,4시간 10분,37.381986,128.270715,37.381783,128.270946,중급,중급2,204.23,4.9,0,0.0,4,0.5,6.8,7.1,6.9,6.8,5.7,6.7,7.7,계절매력,7.7
백암산_01,백암산,등하산_횡단,664.3,613.7160000000002,8.35,8.35,210,3시간 30분,35.459221,126.841251,35.466819,126.82615,초급,초급2,144.55,4.6,10,10.0,4,0.5,7.2,7.5,7.1,7.6,6.3,7.0,8.0,계절매력,8.0
백암산_02,백암산,등하산_횡단,530.2,450.87200000000007,7.16,7.16,168,2시간 48분,35.458847,126.841526,35.49685,126.841623,초급,초급1,114.73,4.6,10,10.0,4,0.5,7.2,7.5,7.1,7.6,6.3,7.0,8.0,계절매력,8.0
백암산_03,백암산,등하산_횡단,666.5,617.5969999999996,8.16,8.16,216,3시간 36분,35.458815,126.841484,35.42606,126.878941,초급,초급3,172.01,4.9,10,10.0,4,0.5,7.2,7.5,7.1,7.6,6.3,7.0,8.0,계절매력,8.0
백암산_04,백암산,등하산_원점회귀,771.7,924.3319999999997,10.09,10.09,289,4시간 49분,35.428043,126.879207,35.432037,126.880125,중급,중급3,234.0,5.2,10,8.0,4,0.5,7.2,7.5,7.1,7.6,6.3,7.0,8.0,계절매력,8.0
백운산(광양)_01,백운산(광양),등하산_원점회귀,1196.1,842.0209999999997,8.87,8.87,259,4시간 19분,35.093552,127.596334,35.095182,127.596776,중급,중급2,209.41,5.2,10,10.0,8,0.3535533905932737,7.1,7.6,7.0,7.3,6.4,7.1,7.6,전망,7.6
백운산(광양)_02,백운산(광양),등하산_원점회귀,1029.0,989.58,5.97,5.97,216,3시간 36분,35.063833,127.622759,35.067556,127.629411,중급,중급3,232.8,5.3,0,10.0,8,0.3535533905932737,7.1,7.6,7.0,7.3,6.4,7.1,7.6,전망,7.6
백운산(광양)_03,백운산(광양),등하산_원점회귀,1135.1,1316.7889999999993,13.37,13.37,401,6시간 41분,35.075366,127.606543,35.063833,127.622524,최상급,최상급1,321.51,5.4,0,10.0,8,0.3535533905932737,7.1,7.6,7.0,7.3,6.4,7.1,7.6,전망,7.6
백운산(광양)_04,백운산(광양),등하산_횡단,1235.1,2081.075999999998,13.88,13.88,521,8시간 41분,35.07241,127.611064,35.105452,127.662409,초인,초인1,514.77,5.0,0,10.0,8,0.3535533905932737,7.1,7.6,7.0,7.3,6.4,7.1,7.6,전망,7.6
백운산(광양)_05,백운산(광양),등하산_횡단,1179.0,1239.185999999999,11.8,11.8,381,6시간 21분,35.102257,127.597182,35.071022,127.561452,상급,상급3,293.0,5.1,5,10.0,8,0.3535533905932737,7.1,7.6,7.0,7.3,6.4,7.1,7.6,전망,7.6
백운산(광양)_06,백운산(광양),등하산_횡단,828.3,796.3130000000003,7.56,7.56,238,3시간 58분,35.063701,127.62252,35.053172,127.687358,중급,중급1,188.0,5.1,0,10.0,8,0.3535533905932737,7.1,7.6,7.0,7.3,6.4,7.1,7.6,전망,7.6
백운산(광양)_07,백운산(광양),등하산_횡단,1240.0,1975.4839999999997,19.89,19.89,584,9시간 44분,35.055496,127.713499,35.096171,127.617537,초인,초인1,480.31,5.4,2,8.0,8,0.3535533905932737,7.1,7.6,7.0,7.3,6.4,7.1,7.6,전망,7.6
백운산(광양)_08,백운산(광양),등하산_횡단,567.1,920.254,8.48,8.48,265,4시간 25분,35.102426,127.693075,35.079443,127.717047,중급,중급2,214.05,5.3,0,10.0,8,0.3535533905932737,7.1,7.6,7.0,7.3,6.4,7.1,7.6,전망,7.6
백운산(정선)_01,백운산(정선),등하산_원점회귀,913.3,1230.422,10.0,10.0,336,5시간 36분,37.262505,128.596846,37.260006,128.586705,상급,상급2,268.78,4.1,5,10.0,2,0.7071067811865475,7.0,7.6,7.0,7.1,5.6,7.1,7.8,계절매력,7.8
백운산(정선)_02,백운산(정선),등하산_원점회귀,989.8,1244.559,6.83,6.83,273,4시간 33분,37.278568,128.57651,37.281303,128.582866,상급,상급2,279.25,4.4,10,10.0,2,0.7071067811865475,7.0,7.6,7.0,7.1,5.6,7.1,7.8,계절매력,7.8
백운산(포천)_01,백운산(포천),등하산_원점회귀,929.0,1316.1700000000003,6.6,6.6,283,4시간 43분,38.073281,127.412036,38.070102,127.412716,상급,상급3,282.29,6.0,10,10.0,6,0.4082482904638631,6.4,6.1,6.9,6.3,5.9,6.3,7.2,계절매력,7.2
백운산(포천)_02,백운산(포천),등하산_횡단,972.3,882.5700000000002,10.03,10.03,301,5시간 01분,38.101666,127.443693,38.073212,127.40927,중급,중급3,227.98,5.7,0,0.0,6,0.4082482904638631,6.4,6.1,6.9,6.3,5.9,6.3,7.2,계절매력,7.2
백운산(포천)_03,백운산(포천),편도_등산,1189.0,862.0,2.96,5.92,218,3시간 38분,38.116637,127.475093,38.130707,127.492579,중급,중급2,216.37,4.5,0,0.0,6,0.4082482904638631,6.4,6.1,6.9,6.3,5.9,6.3,7.2,계절매력,7.2
백운산(포천)_04,백운산(포천),등하산_원점회귀,975.1,3098.3460000000005,9.27,9.27,587,9시간 47분,38.072475,127.410329,38.07011,127.412666,초인,초인1,513.31,6.0,10,10.0,6,0.4082482904638631,6.4,6.1,6.9,6.3,5.9,6.3,7.2,계절매력,7.2
백운산(포천)_05,백운산(포천),등하산_횡단,1072.0,1978.685,9.97,9.97,451,7시간 31분,38.101569,127.443586,38.072772,127.410554,최상급,최상급3,425.41,5.7,0,0.0,6,0.4082482904638631,6.4,6.1,6.9,6.3,5.9,6.3,7.2,계절매력,7.2
백운산(포천)_06,백운산(포천),등하산_원점회귀,1063.7,497.773,7.7,7.7,193,3시간 13분,38.099987,127.44386,38.099836,127.443788,초급,초급1,125.01,5.3,0,0.0,6,0.4082482904638631,6.4,6.1,6.9,6.3,5.9,6.3,7.2,계절매력,7.2
변산_01,변산,등하산_횡단,453.7,1118.811,6.21,6.21,261,4시간 21분,35.641381,126.580379,35.597376,126.580165,상급,상급1,252.46,5.0,10,10.0,5,0.4472135954999579,7.1,7.9,7.2,7.2,6.5,6.7,7.3,전망,7.9
변산_02,변산,등하산_횡단,448.1,1223.7389999999991,7.61,7.61,292,4시간 52분,35.609379,126.582021,35.650987,126.54757,상급,상급3,292.29,5.3,8,8.0,5,0.4472135954999579,7.1,7.9,7.2,7.2,6.5,6.7,7.3,전망,7.9
변산_03,변산,등하산_횡단,452.0,1716.0660000000005,8.99,8.99,395,6시간 35분,35.636392,126.629181,35.610118,126.588286,최상급,최상급2,376.2,5.2,0,5.0,5,0.4472135954999579,7.1,7.9,7.2,7.2,6.5,6.7,7.3,전망,7.9
변산_04,변산,등하산_횡단,494.6,1128.1109999999996,5.59,5.59,253,4시간 13분,35.681123,126.633736,35.664898,126.615885,중급,중급3,240.52,3.8,0,10.0,5,0.4472135954999579,7.1,7.9,7.2,7.2,6.5,6.7,7.3,전망,7.9
변산_05,변산,등하산_횡단,317.8,1298.6370000000004,11.12,11.12,365,6시간 05분,35.660151,126.652953,35.621802,126.645397,상급,상급3,291.18,4.7,10,10.0,5,0.4472135954999579,7.1,7.9,7.2,7.2,6.5,6.7,7.3,전망,7.9
북한산_01,북한산,등하산_원점회귀,739.3,1597.9979999999998,9.2,9.2,376,6시간 16분,37.655117,126.949556,37.654809,126.95057,최상급,최상급2,367.25,6.6,10,8.0,36,0.1666666666666666,7.5,8.3,6.9,7.7,6.7,7.7,7.4,전망,8.3
북한산_02,북한산,편도_등산,466.5,416.282,4.19,8.39,188,3시간 08분,37.61055,126.940214,37.625609,126.954401,초급,초급1,119.33,7.5,8,10.0,36,0.1666666666666666,7.5,8.3,6.9,7.7,6.7,7.7,7.4,전망,8.3
북한산_04,북한산,편도_하산,323.9,227.168,1.68,3.35,84,1시간 24분,37.618483,126.932933,37.623517,126.944747,입문,입문,55.7,7.4,10,10.0,36,0.1666666666666666,7.5,8.3,6.9,7.7,6.7,7.7,7.4,전망,8.3
북한산_05,북한산,등하산_횡단,524.5,491.0949999999999,2.46,2.46,95,1시간 35분,37.659918,126.949185,37.65559,126.970261,입문,입문,105.27,6.3,8,10.0,36,0.1666666666666666,7.5,8.3,6.9,7.7,6.7,7.7,7.4,전망,8.3
북한산_09,북한산,등하산_원점회귀,519.7,676.0219999999996,5.84,5.84,186,3시간 06분,37.614244,126.932501,37.614686,126.934993,초급,초급2,152.25,7.2,10,10.0,36,0.1666666666666666,7.5,8.3,6.9,7.7,6.7,7.7,7.4,전망,8.3
북한산_10,북한산,등하산_원점회귀,608.1,874.4529999999994,6.77,6.77,237,3시간 57분,37.663958,127.011887,37.663864,127.011766,중급,중급3,233.04,6.8,10,10.0,36,0.1666666666666666,7.5,8.3,6.9,7.7,6.7,7.7,7.4,전망,8.3
북한산_13,북한산,등하산_횡단,738.3,1097.25,9.39,9.39,307,5시간 07분,37.658415,127.003041,37.610752,126.956446,상급,상급1,245.95,7.5,8,5.0,36,0.1666666666666666,7.5,8.3,6.9,7.7,6.7,7.7,7.4,전망,8.3
북한산_14,북한산,등하산_원점회귀,603.4,736.8350000000003,7.23,7.23,214,3시간 34분,37.657967,126.945247,37.651602,126.952943,초급,초급3,176.86,6.6,10,10.0,36,0.1666666666666666,7.5,8.3,6.9,7.7,6.7,7.7,7.4,전망,8.3
북한산_15,북한산,등하산_횡단,728.0,1085.382,9.98,9.98,293,4시간 53분,37.653561,126.938994,37.641972,126.979364,상급,상급1,252.19,6.7,8,10.0,36,0.1666666666666666,7.5,8.3,6.9,7.7,6.7,7.7,7.4,전망,8.3
북한산_17,북한산,등하산_원점회귀,834.4,1078.1940000000004,8.09,8.09,282,4시간 42분,37.675095,126.958078,37.675303,126.959038,상급,상급3,282.88,6.3,10,10.0,36,0.1666666666666666,7.5,8.3,6.9,7.7,6.7,7.7,7.4,전망,8.3
북한산_18,북한산,등하산_원점회귀,550.8,600.6109999999999,5.54,5.54,173,2시간 53분,37.640577,126.943484,37.637695,126.938289,초급,초급1,139.77,6.9,10,8.0,36,0.1666666666666666,7.5,8.3,6.9,7.7,6.7,7.7,7.4,전망,8.3
북한산_19,북한산,등하산_원점회귀,569.5,930.1540000000005,7.34,7.34,233,3시간 53분,37.619047,126.932481,37.617997,126.942965,상급,상급1,250.26,7.2,10,10.0,36,0.1666666666666666,7.5,8.3,6.9,7.7,6.7,7.7,7.4,전망,8.3
북한산_20,북한산,등하산_횡단,561.2,1039.5649999999991,7.03,7.03,263,4시간 23분,37.688815,127.045298,37.662821,127.012568,상급,상급2,258.93,6.8,10,10.0,36,0.1666666666666666,7.5,8.3,6.9,7.7,6.7,7.7,7.4,전망,8.3
북한산_21,북한산,등하산_횡단,769.1,1070.5120000000004,10.34,10.34,311,5시간 11분,37.67918,126.961333,37.663245,127.012413,상급,상급1,254.93,6.6,10,10.0,36,0.1666666666666666,7.5,8.3,6.9,7.7,6.7,7.7,7.4,전망,8.3
북한산_22,북한산,등하산_횡단,732.4,830.3560000000001,6.57,6.57,211,3시간 31분,37.644255,126.941182,37.638608,126.958343,중급,중급3,223.71,6.8,10,10.0,36,0.1666666666666666,7.5,8.3,6.9,7.7,6.7,7.7,7.4,전망,8.3
북한산_23,북한산,등하산_원점회귀,602.9,1116.4589999999994,6.38,6.38,257,4시간 17분,37.661021,127.007104,37.658937,127.004249,상급,상급1,255.63,6.9,8,8.0,36,0.1666666666666666,7.5,8.3,6.9,7.7,6.7,7.7,7.4,전망,8.3
북한산_24,북한산,등하산_원점회귀,593.7,683.0629999999999,8.5,8.5,241,4시간 01분,37.644336,126.940976,37.641243,126.941549,중급,중급1,184.63,6.9,10,10.0,36,0.1666666666666666,7.5,8.3,6.9,7.7,6.7,7.7,7.4,전망,8.3
북한산_27,북한산,등하산_원점회귀,554.0,639.0779999999995,6.4,6.4,190,3시간 10분,37.642147,126.9394,37.639197,126.945143,초급,초급2,154.96,6.9,10,10.0,36,0.1666666666666666,7.5,8.3,6.9,7.7,6.7,7.7,7.4,전망,8.3
북한산_28,북한산,등하산_횡단,516.3,1064.7070000000008,8.87,8.87,281,4시간 41분,37.663868,127.011813,37.643337,127.003068,중급,중급3,235.47,6.9,10,10.0,36,0.1666666666666666,7.5,8.3,6.9,7.7,6.7,7.7,7.4,전망,8.3
북한산_29,북한산,등하산_횡단,607.7,908.3,7.71,7.71,253,4시간 13분,37.645612,127.006479,37.655137,126.949435,중급,중급2,202.77,6.8,10,10.0,36,0.1666666666666666,7.5,8.3,6.9,7.7,6.7,7.7,7.4,전망,8.3
북한산_30,북한산,등하산_원점회귀,735.9,1336.0999999999992,7.01,7.01,290,4시간 50분,37.618406,126.997286,37.620197,126.995211,상급,상급3,293.12,7.3,5,10.0,36,0.1666666666666666,7.5,8.3,6.9,7.7,6.7,7.7,7.4,전망,8.3
북한산_31,북한산,등하산_횡단,740.5,1393.6540000000002,7.72,7.72,317,5시간 17분,37.617957,126.998677,37.610417,126.976487,상급,상급3,314.17,7.8,5,10.0,36,0.1666666666666666,7.5,8.3,6.9,7.7,6.7,7.7,7.4,전망,8.3
북한산_32,북한산,등하산_원점회귀,614.9,980.0309999999996,7.48,7.48,252,4시간 12분,37.642626,127.002638,37.63676,127.009739,상급,상급2,259.33,7.0,10,10.0,36,0.1666666666666666,7.5,8.3,6.9,7.7,6.7,7.7,7.4,전망,8.3
북한산_33,북한산,등하산_횡단,480.0,1129.6519999999994,9.61,9.61,313,5시간 13분,37.627368,127.009968,37.611132,126.978781,상급,상급1,252.46,7.7,10,10.0,36,0.1666666666666666,7.5,8.3,6.9,7.7,6.7,7.7,7.4,전망,8.3
북한산_34,북한산,등하산_횡단,733.7,1269.0429999999997,6.51,6.51,273,4시간 33분,37.610987,126.956658,37.621025,126.96431,상급,상급2,275.3,7.6,10,10.0,36,0.1666666666666666,7.5,8.3,6.9,7.7,6.7,7.7,7.4,전망,8.3
북한산_35,북한산,등하산_횡단,574.1,1048.7569999999994,6.66,6.66,254,4시간 14분,37.596626,126.954801,37.608725,126.956694,상급,상급1,253.13,8.3,8,10.0,36,0.1666666666666666,7.5,8.3,6.9,7.7,6.7,7.7,7.4,전망,8.3
북한산_45,북한산,등하산_횡단,551.5,1439.902999999999,7.84,7.84,325,5시간 25분,37.610985,126.941406,37.608629,126.956183,최상급,최상급1,321.81,7.7,8,10.0,36,0.1666666666666666,7.5,8.3,6.9,7.7,6.7,7.7,7.4,전망,8.3
북한산_46,북한산,등하산_횡단,528.8,743.4419999999994,6.33,6.33,189,3시간 09분,37.650712,126.945719,37.675316,126.959143,초급,초급3,166.22,6.5,8,8.0,36,0.1666666666666666,7.5,8.3,6.9,7.7,6.7,7.7,7.4,전망,8.3
북한산_47,북한산,편도_하산,193.5,112.17399999999998,2.36,4.71,87,1시간 27분,37.67919,126.959105,37.690295,126.968225,입문,입문,46.41,6.1,10,10.0,36,0.1666666666666666,7.5,8.3,6.9,7.7,6.7,7.7,7.4,전망,8.3
북한산_48,북한산,편도_등산,184.8,170.2659999999999,6.42,12.84,218,3시간 38분,37.651502,127.012643,37.619455,127.002482,입문,입문,94.41,7.3,10,10.0,36,0.1666666666666666,7.5,8.3,6.9,7.7,6.7,7.7,7.4,전망,8.3
북한산_49,북한산,등하산_원점회귀,731.4,1223.6609999999991,21.83,21.83,515,8시간 35분,37.600771,126.935382,37.611703,126.930885,최상급,최상급1,330.02,7.6,8,10.0,36,0.1666666666666666,7.5,8.3,6.9,7.7,6.7,7.7,7.4,전망,8.3
북한산_51,북한산,등하산_원점회귀,353.3,1927.8719999999996,14.57,14.57,508,8시간 28분,37.600166,126.936134,37.600142,126.936449,초인,초인1,507.63,7.9,8,10.0,36,0.1666666666666666,7.5,8.3,6.9,7.7,6.7,7.7,7.4,전망,8.3
북한산_52,북한산,등하산_횡단,173.0,138.13700000000003,5.77,5.77,103,1시간 43분,37.64441,126.941024,37.612998,126.939658,입문,입문,57.01,7.1,10,10.0,36,0.1666666666666666,7.5,8.3,6.9,7.7,6.7,7.7,7.4,전망,8.3
북한산_53,북한산,등하산_횡단,358.5,1813.1460000000004,8.07,8.07,395,6시간 35분,37.575904,126.968316,37.588585,127.005682,최상급,최상급2,366.38,8.9,10,10.0,36,0.1666666666666666,7.5,8.3,6.9,7.7,6.7,7.7,7.4,전망,8.3
북한산_54,북한산,등하산_횡단,481.9,326.862,9.01,9.01,186,3시간 06분,37.693192,126.965628,37.665331,126.919997,초급,초급1,109.58,6.6,2,10.0,36,0.1666666666666666,7.5,8.3,6.9,7.7,6.7,7.7,7.4,전망,8.3
북한산_55,북한산,등하산_횡단,326.9,198.92800000000005,7.15,7.15,135,2시간 15분,37.592836,126.964682,37.596426,127.007169,입문,입문,76.15,8.6,10,10.0,36,0.1666666666666666,7.5,8.3,6.9,7.7,6.7,7.7,7.4,전망,8.3
비슬산_01,비슬산,등하산_원점회귀,1107.7,848.5409999999999,9.39,9.39,263,4시간 23분,35.7137,128.500851,35.71252,128.504928,중급,중급2,216.29,5.7,10,10.0,5,0.4472135954999579,7.2,7.9,7.0,7.5,6.0,7.0,8.4,계절매력,8.4
비슬산_02,비슬산,등하산_횡단,1116.3,887.6899999999998,10.92,10.92,286,4시간 46분,35.751908,128.511288,35.713654,128.500774,중급,중급3,238.56,5.5,8,10.0,5,0.4472135954999579,7.2,7.9,7.0,7.5,6.0,7.0,8.4,계절매력,8.4
비슬산_03,비슬산,등하산_원점회귀,1024.9,520.026,5.79,5.79,159,2시간 39분,35.693693,128.50516,35.690517,128.509804,초급,초급1,132.96,5.3,10,10.0,5,0.4472135954999579,7.2,7.9,7.0,7.5,6.0,7.0,8.4,계절매력,8.4
비슬산_04,비슬산,등하산_원점회귀,1092.6,631.3299999999997,8.76,8.76,223,3시간 43분,35.729275,128.560372,35.725737,128.560333,초급,초급2,150.16,4.8,0,5.0,5,0.4472135954999579,7.2,7.9,7.0,7.5,6.0,7.0,8.4,계절매력,8.4
비슬산_05,비슬산,등하산_원점회귀,1038.8,750.8179999999999,9.99,9.99,262,4시간 22분,35.700033,128.499151,35.699335,128.500149,중급,중급2,209.85,5.4,5,8.0,5,0.4472135954999579,7.2,7.9,7.0,7.5,6.0,7.0,8.4,계절매력,8.4
삼악산_01,삼악산,등하산_횡단,675.8,1246.479999999999,10.37,10.37,342,5시간 42분,37.828141,127.671146,37.853553,127.662057,상급,상급2,275.48,5.7,8,10.0,17,0.2425356250363329,7.3,8.0,7.1,7.5,6.5,7.4,7.3,전망,8.0
삼악산_02,삼악산,등하산_횡단,668.0,717.2760000000002,7.63,7.63,221,3시간 41분,37.81883,127.633737,37.824977,127.660403,중급,중급1,179.25,6.0,8,10.0,17,0.2425356250363329,7.3,8.0,7.1,7.5,6.5,7.4,7.3,전망,8.0
삼악산_03,삼악산,등하산_횡단,667.8,566.229,4.67,4.67,152,2시간 32분,37.841323,127.674095,37.824944,127.660456,초급,초급1,124.6,5.9,10,10.0,17,0.2425356250363329,7.3,8.0,7.1,7.5,6.5,7.4,7.3,전망,8.0
삼악산_04,삼악산,등하산_횡단,905.6,1983.007,25.82,25.82,689,11시간 29분,37.951696,127.57816,37.831525,127.518414,초인,초인2,548.28,6.2,2,10.0,17,0.2425356250363329,7.3,8.0,7.1,7.5,6.5,7.4,7.3,전망,8.0
삼악산_05,삼악산,등하산_원점회귀,867.0,647.8320000000002,10.22,10.22,255,4시간 15분,37.90269,127.568555,37.913951,127.576336,초급,초급3,164.3,5.8,0,8.0,17,0.2425356250363329,7.3,8.0,7.1,7.5,6.5,7.4,7.3,전망,8.0
삼악산_06,삼악산,등하산_횡단,909.9,995.9510000000004,11.55,11.55,312,5시간 12분,37.896408,127.566984,37.902281,127.595828,상급,상급2,259.88,5.7,0,10.0,17,0.2425356250363329,7.3,8.0,7.1,7.5,6.5,7.4,7.3,전망,8.0
삼악산_07,삼악산,등하산_횡단,905.8,902.482,10.08,10.08,260,4시간 20분,37.895931,127.68049,37.898989,127.642741,중급,중급3,231.11,5.7,5,10.0,17,0.2425356250363329,7.3,8.0,7.1,7.5,6.5,7.4,7.3,전망,8.0
삼악산_08,삼악산,등하산_원점회귀,903.3,928.619,8.99,8.99,262,4시간 22분,37.901995,127.662159,37.901676,127.661425,중급,중급2,221.39,5.3,0,10.0,17,0.2425356250363329,7.3,8.0,7.1,7.5,6.5,7.4,7.3,전망,8.0
삼악산_09,삼악산,등하산_원점회귀,911.9,878.892,12.64,12.64,318,5시간 18분,37.934478,127.65799,37.930041,127.64321,중급,중급2,212.83,4.7,0,10.0,17,0.2425356250363329,7.3,8.0,7.1,7.5,6.5,7.4,7.3,전망,8.0
삼악산_10,삼악산,등하산_원점회귀,918.2,1189.944,13.82,13.82,360,6시간 00분,37.896245,127.680477,37.909139,127.665591,상급,상급3,310.73,5.8,5,10.0,17,0.2425356250363329,7.3,8.0,7.1,7.5,6.5,7.4,7.3,전망,8.0
삼악산_11,삼악산,등하산_원점회귀,911.8,1588.8199999999997,34.07,34.07,736,12시간 16분,37.852253,127.66962,37.84822,127.636927,초인,초인1,469.79,5.7,2,10.0,17,0.2425356250363329,7.3,8.0,7.1,7.5,6.5,7.4,7.3,전망,8.0
삼악산_12,삼악산,등하산_원점회귀,901.9,1057.9250000000002,13.48,13.48,362,6시간 02분,37.931402,127.568757,37.931429,127.568948,상급,상급3,289.36,5.4,0,10.0,17,0.2425356250363329,7.3,8.0,7.1,7.5,6.5,7.4,7.3,전망,8.0
삼악산_13,삼악산,등하산_원점회귀,896.0,966.6330000000004,13.26,13.26,335,5시간 35분,37.935079,127.660744,37.935259,127.661198,중급,중급3,228.6,5.0,0,10.0,17,0.2425356250363329,7.3,8.0,7.1,7.5,6.5,7.4,7.3,전망,8.0
삼악산_14,삼악산,등하산_원점회귀,902.6,1121.4100000000008,18.39,18.39,433,7시간 13분,37.930577,127.643974,37.919761,127.630959,상급,상급3,289.97,4.5,0,2.0,17,0.2425356250363329,7.3,8.0,7.1,7.5,6.5,7.4,7.3,전망,8.0
삼악산_15,삼악산,등하산_원점회귀,529.2,979.0000000000008,10.5,10.5,305,5시간 05분,37.806252,127.634528,37.806292,127.634282,상급,상급1,245.67,5.9,8,10.0,17,0.2425356250363329,7.3,8.0,7.1,7.5,6.5,7.4,7.3,전망,8.0
삼악산_16,삼악산,등하산_원점회귀,381.0,934.5949999999998,7.11,7.11,248,4시간 08분,37.83746,127.677233,37.831787,127.67962,상급,상급1,246.9,5.9,10,10.0,17,0.2425356250363329,7.3,8.0,7.1,7.5,6.5,7.4,7.3,전망,8.0
삼악산_17,삼악산,등하산_횡단,527.7,799.7,8.73,8.73,252,4시간 12분,37.806325,127.634643,37.796618,127.61657,중급,중급2,202.46,6.0,8,10.0,17,0.2425356250363329,7.3,8.0,7.1,7.5,6.5,7.4,7.3,전망,8.0
서대산_01,서대산,등하산_횡단,926.6,1006.3350000000002,4.03,4.03,209,3시간 29분,36.235368,127.532229,36.228753,127.532665,중급,중급1,192.88,5.0,2,10.0,5,0.4472135954999579,7.1,7.7,6.9,7.0,6.1,7.2,7.6,전망,7.7
서대산_02,서대산,편도_하산,611.5,983.066,2.04,4.08,209,3시간 29분,36.231227,127.535265,36.225423,127.535475,중급,중급1,191.82,5.0,2,8.0,5,0.4472135954999579,7.1,7.7,6.9,7.0,6.1,7.2,7.6,전망,7.7
서대산_03,서대산,등하산_횡단,903.0,1311.6649999999995,5.77,5.77,275,4시간 35분,36.219891,127.567393,36.239335,127.528406,상급,상급2,263.5,4.8,2,10.0,5,0.4472135954999579,7.1,7.7,6.9,7.0,6.1,7.2,7.6,전망,7.7
서대산_04,서대산,등하산_횡단,925.5,1192.9829999999995,6.51,6.51,284,4시간 44분,36.208776,127.568109,36.220257,127.516395,상급,상급2,266.92,4.7,2,10.0,5,0.4472135954999579,7.1,7.7,6.9,7.0,6.1,7.2,7.6,전망,7.7
서대산_05,서대산,등하산_횡단,571.8,1413.1159999999993,6.1,6.1,311,5시간 11분,36.250398,127.550372,36.23939,127.528429,상급,상급3,281.21,5.1,8,10.0,5,0.4472135954999579,7.1,7.7,6.9,7.0,6.1,7.2,7.6,전망,7.7
선운산_01,선운산,등하산_원점회귀,360.6,312.348,5.76,5.76,133,2시간 13분,35.502422,126.586871,35.497331,126.580199,입문,입문,85.65,5.6,10,10.0,5,0.4472135954999579,7.4,7.8,7.4,7.7,6.8,6.8,8.5,계절매력,8.5
선운산_02,선운산,등하산_원점회귀,463.7,761.1719999999998,17.41,17.41,375,6시간 15분,35.506743,126.584053,35.498483,126.582771,중급,중급3,232.45,5.6,10,8.0,5,0.4472135954999579,7.4,7.8,7.4,7.7,6.8,6.8,8.5,계절매력,8.5
선운산_03,선운산,등하산_원점회귀,354.7,439.80400000000014,9.7,9.7,210,3시간 30분,35.50234,126.586747,35.497384,126.580046,초급,초급1,131.89,5.6,10,10.0,5,0.4472135954999579,7.4,7.8,7.4,7.7,6.8,6.8,8.5,계절매력,8.5
선운산_04,선운산,등하산_원점회귀,456.2,947.7970000000004,18.13,18.13,416,6시간 56분,35.506671,126.584107,35.502433,126.586847,상급,상급2,264.69,5.6,10,8.0,5,0.4472135954999579,7.4,7.8,7.4,7.7,6.8,6.8,8.5,계절매력,8.5
선운산_05,선운산,등하산_원점회귀,346.3,401.1270000000002,9.66,9.66,206,3시간 26분,35.491387,126.575291,35.491488,126.575351,초급,초급1,125.69,5.4,2,2.0,5,0.4472135954999579,7.4,7.8,7.4,7.7,6.8,6.8,8.5,계절매력,8.5
설악산_01,설악산,등하산_원점회귀,623.0,412.9590000000001,4.63,4.63,130,2시간 10분,38.0782,128.445391,38.0782,128.445391,초급,초급1,105.95,5.1,10,8.0,8,0.3535533905932737,7.6,8.4,7.0,7.8,6.5,8.1,8.1,전망,8.4
설악산_02,설악산,편도_등산,1732.4,1465.0349999999994,5.1,10.2,373,6시간 13분,38.082133,128.447931,38.119135,128.46544,최상급,최상급2,370.25,5.1,8,10.0,8,0.3535533905932737,7.6,8.4,7.0,7.8,6.5,8.1,8.1,전망,8.4
설악산_03,설악산,편도_등산,616.3,399.26900000000114,5.79,11.59,234,3시간 54분,38.165125,128.375686,38.146669,128.414484,초급,초급1,137.36,4.7,0,0.0,8,0.3535533905932737,7.6,8.4,7.0,7.8,6.5,8.1,8.1,전망,8.4
설악산_04,설악산,편도_등산,816.3,713.1510000000003,4.3,8.61,236,3시간 56분,38.173594,128.489777,38.193894,128.475045,중급,중급1,189.87,5.5,10,8.0,8,0.3535533905932737,7.6,8.4,7.0,7.8,6.5,8.1,8.1,전망,8.4
설악산_05,설악산,등하산_횡단,1309.8,1753.6670000000006,15.89,15.89,494,8시간 14분,38.172639,128.4941,38.162896,128.466637,최상급,최상급3,404.48,5.4,10,10.0,8,0.3535533905932737,7.6,8.4,7.0,7.8,6.5,8.1,8.1,전망,8.4
설악산_06,설악산,편도_등산,323.7,205.85899999999995,2.13,4.26,95,1시간 35분,38.17278,128.491678,38.162223,128.501663,입문,입문,59.8,5.5,10,10.0,8,0.3535533905932737,7.6,8.4,7.0,7.8,6.5,8.1,8.1,전망,8.4
설악산_07,설악산,편도_등산,776.3,293.94899999999967,0.92,1.84,72,1시간 12분,38.119468,128.341658,38.124233,128.343638,입문,입문,70.44,3.8,0,10.0,8,0.3535533905932737,7.6,8.4,7.0,7.8,6.5,8.1,8.1,전망,8.4
설악산_08,설악산,등하산_횡단,1400.9,753.5690000000004,10.16,10.16,287,4시간 47분,38.124403,128.34388,38.183007,128.301377,초급,초급3,176.68,4.8,0,8.0,8,0.3535533905932737,7.6,8.4,7.0,7.8,6.5,8.1,8.1,전망,8.4
성인봉_01,성인봉,편도_등산,537.4,606.908,1.75,3.51,144,2시간 24분,37.485892,130.898777,37.490579,130.888586,초급,초급1,139.79,6.6,8,10.0,4,0.5,6.8,7.1,7.4,6.8,5.9,7.0,6.6,힐링,7.4
성인봉_02,성인봉,등하산_횡단,1003.4,564.9139999999999,10.95,10.95,262,4시간 22분,37.486403,130.892522,37.537356,130.870825,초급,초급2,158.81,5.6,10,10.0,4,0.5,6.8,7.1,7.4,6.8,5.9,7.0,6.6,힐링,7.4
성인봉_03,성인봉,편도_하산,544.6,868.7020000000002,2.89,5.77,217,3시간 37분,37.51631,130.853975,37.519332,130.859525,중급,중급2,214.44,5.1,2,2.0,4,0.5,6.8,7.1,7.4,6.8,5.9,7.0,6.6,힐링,7.4
성인봉_04,성인봉,편도_등산,637.8,503.019,2.04,4.08,137,2시간 17분,37.509988,130.859675,37.523119,130.850556,초급,초급1,109.77,5.4,2,2.0,4,0.5,6.8,7.1,7.4,6.8,5.9,7.0,6.6,힐링,7.4
소백산_01,소백산,편도_등산,1428.7,1052.3359999999998,7.03,14.05,369,6시간 09분,36.965325,128.420699,36.957448,128.484698,상급,상급1,245.53,5.7,10,10.0,9,0.3333333333333333,7.3,7.9,7.4,7.3,6.5,7.0,8.1,계절매력,8.1
소백산_02,소백산,편도_등산,1450.4,1015.911,5.46,10.92,316,5시간 16분,36.98837,128.459657,36.957472,128.484827,상급,상급1,255.21,5.1,10,10.0,9,0.3333333333333333,7.3,7.9,7.4,7.3,6.5,7.0,8.1,계절매력,8.1
소백산_03,소백산,등하산_횡단,1410.8,716.051,9.38,9.38,237,3시간 57분,36.899138,128.435386,36.920574,128.46135,중급,중급1,198.58,4.4,10,10.0,9,0.3333333333333333,7.3,7.9,7.4,7.3,6.5,7.0,8.1,계절매력,8.1
소백산_04,소백산,편도_하산,970.8,398.5700000000001,2.56,5.13,137,2시간 17분,36.904112,128.45928,36.920574,128.461316,초급,초급1,109.57,4.6,10,10.0,9,0.3333333333333333,7.3,7.9,7.4,7.3,6.5,7.0,8.1,계절매력,8.1
소백산_05,소백산,등하산_원점회귀,1431.8,1062.7509999999995,14.21,14.21,366,6시간 06분,36.987317,128.46057,36.987423,128.460818,상급,상급1,248.14,5.3,10,10.0,9,0.3333333333333333,7.3,7.9,7.4,7.3,6.5,7.0,8.1,계절매력,8.1
소백산_06,소백산,등하산_횡단,1457.9,829.9810000000002,17.2,17.2,397,6시간 37분,36.898982,128.435389,36.965306,128.420536,중급,중급3,241.26,5.4,10,10.0,9,0.3333333333333333,7.3,7.9,7.4,7.3,6.5,7.0,8.1,계절매력,8.1
소백산_07,소백산,편도_등산,1435.8,1025.357,5.37,10.75,315,5시간 15분,36.923052,128.503372,36.957261,128.48496,상급,상급1,254.39,4.9,10,10.0,9,0.3333333333333333,7.3,7.9,7.4,7.3,6.5,7.0,8.1,계절매력,8.1
소백산_08,소백산,편도_등산,1421.3,1106.336,7.74,15.48,398,6시간 38분,36.932886,128.554526,36.97273,128.506582,상급,상급2,264.25,5.1,10,10.0,9,0.3333333333333333,7.3,7.9,7.4,7.3,6.5,7.0,8.1,계절매력,8.1
소백산_09,소백산,편도_등산,1345.4,947.5629999999996,6.89,13.78,349,5시간 49분,36.898075,128.437218,36.856655,128.447663,중급,중급3,230.73,4.3,10,10.0,9,0.3333333333333333,7.3,7.9,7.4,7.3,6.5,7.0,8.1,계절매력,8.1
소요산_01,소요산,등하산_횡단,605.7,953.198,7.51,7.51,250,4시간 10분,37.947926,127.061302,37.945496,127.083239,상급,상급1,256.26,5.9,10,10.0,8,0.3535533905932737,6.9,7.2,7.0,7.1,5.8,6.8,7.6,계절매력,7.6
소요산_02,소요산,편도_등산,518.3,399.9599999999999,3.53,7.06,166,2시간 46분,37.947913,127.061514,37.948619,127.095598,초급,초급1,107.3,6.0,10,10.0,8,0.3535533905932737,6.9,7.2,7.0,7.1,5.8,6.8,7.6,계절매력,7.6
소요산_03,소요산,등하산_횡단,611.8,735.1440000000001,7.11,7.11,212,3시간 32분,37.9388,127.055813,37.945539,127.086421,초급,초급3,175.18,5.9,5,10.0,8,0.3535533905932737,6.9,7.2,7.0,7.1,5.8,6.8,7.6,계절매력,7.6
소요산_04,소요산,등하산_원점회귀,565.4,478.1550000000001,8.54,8.54,200,3시간 20분,37.957463,127.062572,37.952296,127.062577,초급,초급1,129.03,5.8,2,10.0,8,0.3535533905932737,6.9,7.2,7.0,7.1,5.8,6.8,7.6,계절매력,7.6
소요산_05,소요산,등하산_횡단,543.3,381.1749999999999,4.8,4.8,132,2시간 12분,37.931701,127.061117,37.945407,127.066641,입문,입문,103.64,6.0,8,10.0,8,0.3535533905932737,6.9,7.2,7.0,7.1,5.8,6.8,7.6,계절매력,7.6
소요산_06,소요산,등하산_횡단,674.3,310.9960000000001,6.82,6.82,146,2시간 26분,37.912601,127.138822,37.94151,127.093078,입문,입문,92.99,5.7,0,2.0,8,0.3535533905932737,6.9,7.2,7.0,7.1,5.8,6.8,7.6,계절매력,7.6
소요산_07,소요산,등하산_횡단,541.9,426.869,6.16,6.16,156,2시간 36분,37.970553,127.106488,37.957516,127.066807,입문,입문,103.54,5.8,0,10.0,8,0.3535533905932737,6.9,7.2,7.0,7.1,5.8,6.8,7.6,계절매력,7.6
소요산_08,소요산,등하산_횡단,483.7,301.89700000000016,7.89,7.89,168,2시간 48분,37.973052,127.101539,37.976897,127.067282,입문,입문,98.55,5.8,0,10.0,8,0.3535533905932737,6.9,7.2,7.0,7.1,5.8,6.8,7.6,계절매력,7.6
속리산_01,속리산,등하산_원점회귀,1077.8,1879.7909999999983,13.28,13.28,480,8시간 00분,36.540011,127.835807,36.534196,127.825873,초인,초인1,478.55,5.6,2,2.0,3,0.5773502691896258,7.5,8.1,7.5,7.4,6.8,7.4,7.8,전망,8.1
속리산_02,속리산,편도_하산,1082.8,930.323,2.91,5.82,227,3시간 47분,36.523582,127.859179,36.543233,127.870759,중급,중급2,222.87,5.2,10,10.0,3,0.5773502691896258,7.5,8.1,7.5,7.4,6.8,7.4,7.8,전망,8.1
속리산_03,속리산,등하산_원점회귀,895.2,1050.7709999999993,7.45,7.45,269,4시간 29분,36.594361,127.815033,36.594396,127.815105,상급,상급2,267.98,4.4,10,10.0,3,0.5773502691896258,7.5,8.1,7.5,7.4,6.8,7.4,7.8,전망,8.1
신불산_01,신불산,편도_등산,1153.7,975.3990000000006,3.07,6.14,238,3시간 58분,35.556244,129.065812,35.539289,129.054323,중급,중급3,234.4,5.9,10,10.0,17,0.2425356250363329,7.2,7.7,7.1,7.3,6.3,7.0,8.3,계절매력,8.3
신불산_02,신불산,편도_하산,944.2,474.0159999999995,7.47,14.94,295,4시간 55분,35.580427,129.027565,35.547895,129.04497,초급,초급3,169.92,5.3,10,10.0,17,0.2425356250363329,7.2,7.7,7.1,7.3,6.3,7.0,8.3,계절매력,8.3
신불산_03,신불산,등하산_원점회귀,1176.1,971.3580000000002,6.74,6.74,237,3시간 57분,35.555295,129.062968,35.556475,129.068983,상급,상급1,245.07,6.1,10,8.0,17,0.2425356250363329,7.2,7.7,7.1,7.3,6.3,7.0,8.3,계절매력,8.3
신불산_04,신불산,등하산_원점회귀,921.4,450.9100000000004,9.02,9.02,210,3시간 30분,35.539382,129.022458,35.527686,129.02612,초급,초급1,128.77,5.7,10,5.0,17,0.2425356250363329,7.2,7.7,7.1,7.3,6.3,7.0,8.3,계절매력,8.3
신불산_05,신불산,편도_등산,1181.5,900.0350000000001,2.87,5.75,221,3시간 41분,35.527706,129.026372,35.540054,129.048808,중급,중급2,217.89,5.6,10,2.0,17,0.2425356250363329,7.2,7.7,7.1,7.3,6.3,7.0,8.3,계절매력,8.3
신불산_06,신불산,편도_등산,1101.2,912.4830000000006,5.17,10.35,292,4시간 52분,35.52518,129.022206,35.516069,129.052687,중급,중급3,235.48,5.6,10,2.0,17,0.2425356250363329,7.2,7.7,7.1,7.3,6.3,7.0,8.3,계절매력,8.3
신불산_07,신불산,등하산_원점회귀,1184.5,1297.1909999999998,12.61,12.61,382,6시간 22분,35.525372,129.009254,35.523408,129.016048,상급,상급3,309.9,5.7,2,10.0,17,0.2425356250363329,7.2,7.7,7.1,7.3,6.3,7.0,8.3,계절매력,8.3
신불산_08,신불산,등하산_원점회귀,1182.1,957.6880000000004,5.54,5.54,219,3시간 39분,35.533059,129.081172,35.534906,129.073132,중급,중급2,220.62,6.2,5,5.0,17,0.2425356250363329,7.2,7.7,7.1,7.3,6.3,7.0,8.3,계절매력,8.3
신불산_09,신불산,등하산_원점회귀,1121.4,1043.644,8.25,8.25,278,4시간 38분,35.501315,129.064968,35.502828,129.062653,상급,상급3,281.05,5.9,5,10.0,17,0.2425356250363329,7.2,7.7,7.1,7.3,6.3,7.0,8.3,계절매력,8.3
신불산_10,신불산,등하산_원점회귀,1103.8,1002.9360000000004,9.2,9.2,287,4시간 47분,35.556272,129.0693,35.556272,129.0693,중급,중급3,232.75,6.2,10,10.0,17,0.2425356250363329,7.2,7.7,7.1,7.3,6.3,7.0,8.3,계절매력,8.3
신불산_11,신불산,등하산_횡단,1110.3,1015.8189999999996,9.46,9.46,294,4시간 54분,35.510273,129.080594,35.531737,129.090467,중급,중급3,237.53,6.2,2,10.0,17,0.2425356250363329,7.2,7.7,7.1,7.3,6.3,7.0,8.3,계절매력,8.3
신불산_12,신불산,등하산_횡단,1099.9,1115.1610000000012,9.47,9.47,332,5시간 32분,35.579965,129.028509,35.556686,129.067097,상급,상급1,249.0,5.9,10,10.0,17,0.2425356250363329,7.2,7.7,7.1,7.3,6.3,7.0,8.3,계절매력,8.3
신불산_13,신불산,등하산_원점회귀,1106.5,1190.6709999999998,13.46,13.46,379,6시간 19분,35.523011,129.016695,35.525163,129.022255,상급,상급3,306.75,5.6,5,8.0,17,0.2425356250363329,7.2,7.7,7.1,7.3,6.3,7.0,8.3,계절매력,8.3
신불산_14,신불산,등하산_횡단,1176.0,1464.6479999999997,16.93,16.93,482,8시간 02분,35.589971,129.076464,35.548571,129.108324,최상급,최상급2,381.56,6.3,0,10.0,17,0.2425356250363329,7.2,7.7,7.1,7.3,6.3,7.0,8.3,계절매력,8.3
신불산_15,신불산,등하산_원점회귀,1081.7,967.6999999999996,8.34,8.34,271,4시간 31분,35.5218,129.016714,35.522712,129.016855,중급,중급2,217.68,5.6,5,8.0,17,0.2425356250363329,7.2,7.7,7.1,7.3,6.3,7.0,8.3,계절매력,8.3
신불산_16,신불산,등하산_원점회귀,1202.7,1314.978,14.42,14.42,409,6시간 49분,35.493977,129.080864,35.495265,129.081077,최상급,최상급1,333.66,5.9,10,10.0,17,0.2425356250363329,7.2,7.7,7.1,7.3,6.3,7.0,8.3,계절매력,8.3
신불산_17,신불산,등하산_원점회귀,1189.8,1255.562999999999,12.25,12.25,371,6시간 11분,35.525058,129.084769,35.525058,129.084769,상급,상급3,300.5,6.0,10,10.0,17,0.2425356250363329,7.2,7.7,7.1,7.3,6.3,7.0,8.3,계절매력,8.3
연화산_01,연화산,등하산_원점회귀,573.7,953.218,7.42,7.42,248,4시간 08분,35.089718,128.26187,35.090089,128.262122,상급,상급1,254.73,3.8,10,8.0,2,0.7071067811865475,6.3,6.1,7.1,6.4,6.1,5.8,6.8,힐링,7.1
연화산_02,연화산,등하산_원점회귀,567.2,769.6159999999995,6.75,6.75,215,3시간 35분,35.085255,128.26059,35.085135,128.260879,초급,초급3,174.64,3.8,8,5.0,2,0.7071067811865475,6.3,6.1,7.1,6.4,6.1,5.8,6.8,힐링,7.1
오대산_01,오대산,등하산_원점회귀,1554.5,831.0600000000001,12.03,12.03,311,5시간 11분,37.787169,128.557302,37.785782,128.564342,중급,중급2,201.9,2.4,5,0.0,4,0.5,7.4,7.6,7.5,7.2,7.1,7.0,8.3,계절매력,8.3
오대산_02,오대산,편도_하산,1201.7,854.879999999999,10.8,21.61,452,7시간 32분,37.787247,128.557298,37.78978,128.556307,상급,상급2,274.45,2.3,5,0.0,4,0.5,7.4,7.6,7.5,7.2,7.1,7.0,8.3,계절매력,8.3
오대산_03,오대산,편도_등산,1537.9,1216.208999999999,10.44,20.88,496,8시간 16분,37.806496,128.563323,37.808523,128.555354,최상급,최상급1,321.78,2.4,0,0.0,4,0.5,7.4,7.6,7.5,7.2,7.1,7.0,8.3,계절매력,8.3
오대산_04,오대산,등하산_횡단,1446.3,603.4060000000006,6.51,6.51,194,3시간 14분,37.76668,128.610636,37.787658,128.566978,초급,초급2,151.87,2.8,10,0.0,4,0.5,7.4,7.6,7.5,7.2,7.1,7.0,8.3,계절매력,8.3
오봉산_01,오봉산,등하산_원점회귀,805.0,742.423,5.92,5.92,192,3시간 12분,37.980222,127.817631,37.980222,127.817631,중급,중급1,200.8,4.1,10,10.0,2,0.7071067811865475,7.1,7.6,6.8,7.3,6.1,7.5,7.3,전망,7.6
오봉산_02,오봉산,등하산_원점회귀,818.0,1002.0,9.35,9.35,288,4시간 48분,37.978501,127.815189,37.985303,127.818378,중급,중급3,234.53,4.2,10,8.0,2,0.7071067811865475,7.1,7.6,6.8,7.3,6.1,7.5,7.3,전망,7.6
용문산_01,용문산,등하산_횡단,1125.0,1208.0049999999997,9.54,9.54,322,5시간 22분,37.515905,127.520006,37.549783,127.57174,최상급,최상급1,325.15,6.0,10,5.0,5,0.4472135954999579,6.9,7.2,6.9,7.0,5.4,7.5,7.3,성취감,7.5
용문산_02,용문산,등하산_원점회귀,1175.8,975.7449999999998,8.9,8.9,276,4시간 36분,37.547048,127.583976,37.547378,127.580058,중급,중급3,225.8,5.9,10,10.0,5,0.4472135954999579,6.9,7.2,6.9,7.0,5.4,7.5,7.3,성취감,7.5
용문산_03,용문산,등하산_횡단,1169.8,563.2829999999998,8.11,8.11,221,3시간 41분,37.55177,127.563228,37.547259,127.57969,초급,초급1,136.48,5.7,2,2.0,5,0.4472135954999579,6.9,7.2,6.9,7.0,5.4,7.5,7.3,성취감,7.5
용문산_04,용문산,등하산_횡단,1066.4,888.715,11.44,11.44,308,5시간 08분,37.545235,127.5836,37.511903,127.518149,상급,상급1,244.32,6.1,10,10.0,5,0.4472135954999579,6.9,7.2,6.9,7.0,5.4,7.5,7.3,성취감,7.5
용문산_05,용문산,등하산_횡단,974.6,830.781,8.76,8.76,247,4시간 07분,37.49837,127.495854,37.534837,127.551078,중급,중급2,206.71,6.2,8,10.0,5,0.4472135954999579,6.9,7.2,6.9,7.0,5.4,7.5,7.3,성취감,7.5
용화산_01,용화산,편도_하산,897.8,833.1509999999998,5.58,11.16,292,4시간 52분,38.001719,127.737833,38.038056,127.747905,중급,중급1,194.7,4.2,0,10.0,8,0.3535533905932737,7.1,7.6,6.9,7.5,6.1,7.3,7.2,전망,7.6
용화산_02,용화산,편도_하산,781.0,1007.0320000000008,4.91,9.83,298,4시간 58분,38.03483,127.777159,38.02707,127.77013,중급,중급3,241.08,4.5,0,0.0,8,0.3535533905932737,7.1,7.6,6.9,7.5,6.1,7.3,7.2,전망,7.6
용화산_03,용화산,등하산_횡단,906.3,719.0600000000003,8.33,8.33,236,3시간 56분,38.05248,127.771634,38.014456,127.739402,중급,중급1,187.53,4.4,0,0.0,8,0.3535533905932737,7.1,7.6,6.9,7.5,6.1,7.3,7.2,전망,7.6
용화산_04,용화산,등하산_횡단,903.1,1261.4799999999998,8.97,8.97,324,5시간 24분,38.053893,127.781291,38.006605,127.740906,최상급,최상급1,322.19,4.4,0,0.0,8,0.3535533905932737,7.1,7.6,6.9,7.5,6.1,7.3,7.2,전망,7.6
용화산_05,용화산,등하산_횡단,864.9,1357.3690000000008,8.95,8.95,335,5시간 35분,38.05582,127.787242,38.010027,127.744683,최상급,최상급1,333.84,4.4,0,0.0,8,0.3535533905932737,7.1,7.6,6.9,7.5,6.1,7.3,7.2,전망,7.6
용화산_06,용화산,편도_하산,787.7,2509.2069999999994,9.06,18.13,648,10시간 48분,38.00621,127.740928,37.995273,127.789427,초인,초인3,646.01,4.1,2,8.0,8,0.3535533905932737,7.1,7.6,6.9,7.5,6.1,7.3,7.2,전망,7.6
용화산_07,용화산,등하산_횡단,691.8,1569.289000000001,10.18,10.18,387,6시간 27분,37.965863,127.769197,38.00169,127.737839,최상급,최상급2,382.82,4.9,0,10.0,8,0.3535533905932737,7.1,7.6,6.9,7.5,6.1,7.3,7.2,전망,7.6
용화산_08,용화산,등하산_횡단,852.5,1569.9850000000006,11.14,11.14,404,6시간 44분,38.052522,127.780645,38.001757,127.73784,최상급,최상급3,400.56,4.4,0,0.0,8,0.3535533905932737,7.1,7.6,6.9,7.5,6.1,7.3,7.2,전망,7.6
운문산_01,운문산,등하산_횡단,1208.6,1001.5099999999998,7.04,7.04,242,4시간 02분,35.615364,128.927338,35.619292,128.939878,상급,상급1,254.32,4.3,10,2.0,9,0.3333333333333333,7.0,7.8,7.1,6.9,5.9,7.0,7.8,전망,7.8
운문산_02,운문산,등하산_원점회귀,1211.8,942.936,7.58,7.58,255,4시간 15분,35.597716,128.955422,35.597716,128.955422,중급,중급2,204.85,5.2,5,5.0,9,0.3333333333333333,7.0,7.8,7.1,6.9,5.9,7.0,7.8,전망,7.8
운문산_03,운문산,등하산_횡단,979.2,870.7550000000002,7.48,7.48,234,3시간 54분,35.603608,128.921055,35.618465,128.93442,중급,중급1,195.55,4.6,2,10.0,9,0.3333333333333333,7.0,7.8,7.1,6.9,5.9,7.0,7.8,전망,7.8
운문산_04,운문산,등하산_원점회귀,978.9,938.239,7.33,7.33,248,4시간 08분,35.614899,128.927183,35.615267,128.927364,상급,상급1,251.18,4.3,10,2.0,9,0.3333333333333333,7.0,7.8,7.1,6.9,5.9,7.0,7.8,전망,7.8
운문산_05,운문산,등하산_횡단,1212.3,1081.4489999999996,7.89,7.89,267,4시간 27분,35.603684,128.92113,35.614848,128.92727,상급,상급2,279.78,4.6,2,10.0,9,0.3333333333333333,7.0,7.8,7.1,6.9,5.9,7.0,7.8,전망,7.8
운문산_06,운문산,등하산_원점회귀,973.2,997.117,8.78,8.78,277,4시간 37분,35.656342,128.936815,35.657209,128.935359,중급,중급3,226.72,4.8,0,2.0,9,0.3333333333333333,7.0,7.8,7.1,6.9,5.9,7.0,7.8,전망,7.8
운문산_07,운문산,등하산_원점회귀,983.7,1015.5450000000004,9.87,9.87,301,5시간 01분,35.662538,128.961061,35.663387,128.959696,상급,상급1,242.59,5.4,10,2.0,9,0.3333333333333333,7.0,7.8,7.1,6.9,5.9,7.0,7.8,전망,7.8
운문산_08,운문산,등하산_원점회귀,1142.2,1194.5410000000006,11.4,11.4,349,5시간 49분,35.657409,128.961555,35.657409,128.961555,상급,상급3,282.76,5.3,10,2.0,9,0.3333333333333333,7.0,7.8,7.1,6.9,5.9,7.0,7.8,전망,7.8
운문산_09,운문산,등하산_원점회귀,1155.9,1093.9309999999998,11.42,11.42,334,5시간 34분,35.603768,128.920827,35.605911,128.923492,상급,상급2,270.83,4.8,2,10.0,9,0.3333333333333333,7.0,7.8,7.1,6.9,5.9,7.0,7.8,전망,7.8
운악산_01,운악산,등하산_원점회귀,936.9,935.333,6.24,6.24,229,3시간 49분,37.865221,127.349456,37.865226,127.341255,중급,중급3,231.39,6.0,10,10.0,6,0.4082482904638631,7.5,8.2,6.9,7.6,6.6,8.2,7.7,전망,8.2
운악산_02,운악산,등하산_원점회귀,923.3,816.0789999999997,6.62,6.62,221,3시간 41분,37.8828,127.302355,37.882633,127.302121,중급,중급1,178.1,5.7,10,10.0,6,0.4082482904638631,7.5,8.2,6.9,7.6,6.6,8.2,7.7,전망,8.2
운악산_03,운악산,등하산_횡단,948.0,1027.389,9.93,9.93,306,5시간 06분,37.92241,127.337779,37.883051,127.301538,상급,상급1,244.74,5.7,0,0.0,6,0.4082482904638631,7.5,8.2,6.9,7.6,6.6,8.2,7.7,전망,8.2
운악산_04,운악산,등하산_횡단,821.9,1070.737,10.41,10.41,315,5시간 15분,37.844768,127.356004,37.864914,127.349378,상급,상급1,255.82,6.1,0,10.0,6,0.4082482904638631,7.5,8.2,6.9,7.6,6.6,8.2,7.7,전망,8.2
운악산_05,운악산,등하산_횡단,838.7,928.9740000000002,8.28,8.28,265,4시간 25분,37.883123,127.302279,37.864904,127.349459,중급,중급2,212.51,5.8,10,10.0,6,0.4082482904638631,7.5,8.2,6.9,7.6,6.6,8.2,7.7,전망,8.2
운악산_06,운악산,등하산_횡단,714.9,922.5830000000004,9.93,9.93,263,4시간 23분,37.882733,127.302284,37.847485,127.279589,중급,중급3,231.92,5.6,10,10.0,6,0.4082482904638631,7.5,8.2,6.9,7.6,6.6,8.2,7.7,전망,8.2
운장산_01,운장산,등하산_횡단,1134.8,852.7699999999998,12.85,12.85,335,5시간 35분,35.929086,127.349361,35.923461,127.435405,중급,중급2,211.37,3.8,10,5.0,1,1.0,7.3,8.2,7.0,7.5,6.3,7.3,7.8,전망,8.2
월악산_01,월악산,편도_등산,1092.2,1123.0990000000002,5.37,10.75,330,5시간 30분,36.864653,128.088081,36.886098,128.105857,상급,상급2,266.24,5.2,10,10.0,4,0.5,7.5,8.5,7.1,8.1,6.2,7.5,7.4,전망,8.5
월악산_02,월악산,등하산_원점회귀,968.9,865.8380000000006,8.92,8.92,263,4시간 23분,36.864838,128.087923,36.86362,128.087709,중급,중급2,212.94,5.3,10,10.0,4,0.5,7.5,8.5,7.1,8.1,6.2,7.5,7.4,전망,8.5
월악산_03,월악산,편도_등산,1111.9,805.8819999999996,3.09,6.19,214,3시간 34분,36.879944,128.131845,36.886033,128.105818,중급,중급2,213.92,5.1,10,2.0,4,0.5,7.5,8.5,7.1,8.1,6.2,7.5,7.4,전망,8.5
월악산_04,월악산,편도_등산,1116.6,1284.3109999999997,4.64,9.28,332,5시간 32분,36.914218,128.09843,36.886045,128.105844,최상급,최상급1,330.66,4.9,2,10.0,4,0.5,7.5,8.5,7.1,8.1,6.2,7.5,7.4,전망,8.5
월출산_01,월출산,등하산_횡단,797.2,893.5560000000002,7.14,7.14,235,3시간 55분,34.793705,126.697895,34.746037,126.709263,상급,상급1,241.93,5.4,10,10.0,5,0.4472135954999579,7.7,8.7,7.3,8.0,6.8,7.9,7.7,전망,8.7
월출산_02,월출산,편도_등산,834.0,1485.0,6.8,13.6,427,7시간 07분,34.755969,126.657714,34.766628,126.704071,최상급,최상급1,344.35,5.3,10,10.0,5,0.4472135954999579,7.7,8.7,7.3,8.0,6.8,7.9,7.7,전망,8.7
월출산_03,월출산,등하산_횡단,836.0,716.9259999999999,6.34,6.34,196,3시간 16분,34.796508,126.702669,34.775641,126.721844,초급,초급3,163.36,5.5,10,10.0,5,0.4472135954999579,7.7,8.7,7.3,8.0,6.8,7.9,7.7,전망,8.7
월출산_04,월출산,등하산_횡단,835.8,657.453,5.95,5.95,180,3시간 00분,34.745521,126.708999,34.755584,126.706744,초급,초급2,151.55,5.3,10,0.0,5,0.4472135954999579,7.7,8.7,7.3,8.0,6.8,7.9,7.7,전망,8.7
월출산_05,월출산,등하산_횡단,840.1,798.4119999999998,9.21,9.21,259,4시간 19분,34.753561,126.660184,34.777789,126.722531,중급,중급2,207.78,5.4,10,10.0,5,0.4472135954999579,7.7,8.7,7.3,8.0,6.8,7.9,7.7,전망,8.7
유명산_01,유명산,편도_등산,864.5,627.1600000000001,3.21,6.42,190,3시간 10분,37.592282,127.488586,37.575323,127.486667,초급,초급2,153.75,6.0,10,10.0,8,0.3535533905932737,6.7,6.6,7.4,6.8,6.1,6.2,7.7,계절매력,7.7
유명산_02,유명산,편도_하산,866.8,738.7169999999998,4.3,8.6,240,4시간 00분,37.59243,127.488956,37.575327,127.486436,중급,중급1,193.13,6.0,10,10.0,8,0.3535533905932737,6.7,6.6,7.4,6.8,6.1,6.2,7.7,계절매력,7.7
유명산_03,유명산,편도_등산,889.3,1335.5840000000003,2.68,5.35,281,4시간 41분,37.5898,127.469097,37.5754,127.486783,상급,상급1,256.03,5.8,2,5.0,8,0.3535533905932737,6.7,6.6,7.4,6.8,6.1,6.2,7.7,계절매력,7.7
유명산_04,유명산,등하산_횡단,850.9,1048.5079999999996,8.86,8.86,307,5시간 07분,37.595987,127.490982,37.590349,127.510683,중급,중급3,233.54,6.0,10,10.0,8,0.3535533905932737,6.7,6.6,7.4,6.8,6.1,6.2,7.7,계절매력,7.7
유명산_05,유명산,편도_등산,887.3,1567.5879999999993,5.29,10.57,394,6시간 34분,37.54463,127.463749,37.575325,127.48668,최상급,최상급2,389.88,5.9,0,10.0,8,0.3535533905932737,6.7,6.6,7.4,6.8,6.1,6.2,7.7,계절매력,7.7
유명산_06,유명산,등하산_횡단,886.0,1233.6570000000002,10.89,10.89,342,5시간 42분,37.545799,127.46342,37.595413,127.490631,상급,상급3,280.85,6.0,0,10.0,8,0.3535533905932737,6.7,6.6,7.4,6.8,6.1,6.2,7.7,계절매력,7.7
유명산_07,유명산,등하산_횡단,798.3,314.27599999999984,8.79,8.79,191,3시간 11분,37.563901,127.510941,37.586475,127.511508,초급,초급1,106.13,5.8,8,2.0,8,0.3535533905932737,6.7,6.6,7.4,6.8,6.1,6.2,7.7,계절매력,7.7
유명산_08,유명산,등하산_횡단,848.8,355.6149999999999,4.16,4.16,128,2시간 08분,37.589935,127.470383,37.594463,127.489952,입문,입문,93.2,6.0,2,2.0,8,0.3535533905932737,6.7,6.6,7.4,6.8,6.1,6.2,7.7,계절매력,7.7
응봉산_01,응봉산,등하산_원점회귀,1019.4,987.3670000000004,11.39,11.39,322,5시간 22분,37.081323,129.279441,37.078414,129.282046,상급,상급2,256.96,4.5,0,8.0,1,1.0,7.1,7.4,7.6,7.2,6.5,6.7,7.5,힐링,7.6
장안산_01,장안산,등하산_횡단,1259.4,285.8319999999999,8.45,8.45,183,3시간 03분,35.644141,127.616369,35.619694,127.562133,입문,입문,99.24,4.2,10,0.0,1,1.0,7.3,7.9,7.1,7.2,6.7,7.0,8.2,계절매력,8.2
재약산_01,재약산,등하산_원점회귀,1206.0,1019.66,13.21,13.21,353,5시간 53분,35.531953,128.944213,35.532594,128.952559,상급,상급3,281.22,5.8,10,10.0,14,0.2672612419124244,7.3,8.2,7.0,7.5,6.5,6.8,7.9,전망,8.2
재약산_02,재약산,편도_등산,1161.7,1049.085,6.81,13.63,362,6시간 02분,35.580453,128.980486,35.565618,128.986272,상급,상급3,289.75,5.4,10,10.0,14,0.2672612419124244,7.3,8.2,7.0,7.5,6.5,6.8,7.9,전망,8.2
재약산_03,재약산,등하산_원점회귀,1044.1,587.0,8.49,8.49,211,3시간 31분,35.580684,129.027286,35.581157,129.026801,초급,초급2,142.55,5.6,10,10.0,14,0.2672612419124244,7.3,8.2,7.0,7.5,6.5,6.8,7.9,전망,8.2
재약산_04,재약산,등하산_횡단,1112.8,967.1999999999998,6.57,6.57,207,3시간 27분,35.534006,129.009883,35.536785,128.995738,상급,상급1,241.44,5.7,2,10.0,14,0.2672612419124244,7.3,8.2,7.0,7.5,6.5,6.8,7.9,전망,8.2
재약산_05,재약산,편도_등산,1030.6,814.8999999999996,4.34,8.68,252,4시간 12분,35.580795,129.02714,35.568656,128.992476,중급,중급2,203.79,5.3,10,10.0,14,0.2672612419124244,7.3,8.2,7.0,7.5,6.5,6.8,7.9,전망,8.2
재약산_06,재약산,등하산_원점회귀,1210.9,1066.6,7.47,7.47,272,4시간 32분,35.532414,128.956826,35.536031,128.960222,상급,상급2,270.36,5.9,10,10.0,14,0.2672612419124244,7.3,8.2,7.0,7.5,6.5,6.8,7.9,전망,8.2
재약산_07,재약산,등하산_원점회귀,997.0,728.9000000000005,6.77,6.77,211,3시간 31분,35.564767,129.014586,35.56449,129.014444,초급,초급3,170.21,5.6,10,8.0,14,0.2672612419124244,7.3,8.2,7.0,7.5,6.5,6.8,7.9,전망,8.2
재약산_08,재약산,등하산_횡단,976.2,844.0000000000005,6.01,6.01,202,3시간 22분,35.532416,128.956837,35.532033,128.969945,중급,중급2,215.72,5.8,10,10.0,14,0.2672612419124244,7.3,8.2,7.0,7.5,6.5,6.8,7.9,전망,8.2
재약산_09,재약산,편도_등산,629.3,768.6999999999998,2.52,5.04,191,3시간 11분,35.532269,128.956917,35.543285,128.976364,중급,중급1,188.52,5.6,10,10.0,14,0.2672612419124244,7.3,8.2,7.0,7.5,6.5,6.8,7.9,전망,8.2
재약산_10,재약산,등하산_원점회귀,1069.9,892.3,5.14,5.14,210,3시간 30분,35.579844,128.983095,35.578958,128.982465,중급,중급2,205.12,5.6,10,10.0,14,0.2672612419124244,7.3,8.2,7.0,7.5,6.5,6.8,7.9,전망,8.2
재약산_11,재약산,등하산_횡단,1200.4,773.2999999999993,4.86,4.86,159,2시간 39분,35.562252,128.94326,35.550487,128.950442,중급,중급1,185.68,5.7,0,0.0,14,0.2672612419124244,7.3,8.2,7.0,7.5,6.5,6.8,7.9,전망,8.2
재약산_12,재약산,등하산_원점회귀,924.8,776.9999999999998,6.31,6.31,215,3시간 35분,35.534048,128.949835,35.533855,128.950086,초급,초급3,169.66,5.8,8,8.0,14,0.2672612419124244,7.3,8.2,7.0,7.5,6.5,6.8,7.9,전망,8.2
재약산_13,재약산,등하산_원점회귀,690.9,877.7999999999998,9.74,9.74,269,4시간 29분,35.532197,128.956811,35.532647,128.955427,중급,중급3,224.05,5.9,10,10.0,14,0.2672612419124244,7.3,8.2,7.0,7.5,6.5,6.8,7.9,전망,8.2
재약산_14,재약산,등하산_원점회귀,1131.0,1036.6,5.19,5.19,200,3시간 20분,35.542874,128.977773,35.542874,128.977773,중급,중급2,222.16,5.9,0,0.0,14,0.2672612419124244,7.3,8.2,7.0,7.5,6.5,6.8,7.9,전망,8.2
적상산_01,적상산,등하산_횡단,997.6,699.963,7.99,7.99,228,3시간 48분,35.930045,127.710074,35.952663,127.662667,중급,중급1,181.21,5.0,0,10.0,1,1.0,7.4,8.0,7.3,7.5,6.6,6.6,8.7,계절매력,8.7
점봉산_01,점봉산,편도_등산,1131.0,1102.0,5.31,10.62,325,5시간 25분,38.035775,128.472897,38.027947,128.432251,상급,상급2,262.13,4.5,10,2.0,1,1.0,7.5,8.0,8.1,7.4,6.9,6.6,8.4,계절매력,8.4
조계산_01,조계산,등하산_횡단,908.1,1283.808,7.74,7.74,310,5시간 10분,34.99234,127.344235,34.994634,127.331366,상급,상급3,301.92,4.5,10,10.0,2,0.7071067811865475,7.3,7.3,7.8,7.5,6.7,6.7,8.0,계절매력,8.0
조계산_02,조계산,등하산_원점회귀,861.3,1589.2270000000012,10.79,10.79,394,6시간 34분,35.005122,127.265054,35.000105,127.277365,최상급,최상급3,396.62,4.2,10,10.0,2,0.7071067811865475,7.3,7.3,7.8,7.5,6.7,6.7,8.0,계절매력,8.0
주왕산_01,주왕산,등하산_원점회귀,747.0,563.46,4.71,4.71,134,2시간 14분,36.396625,129.147215,36.396797,129.147212,초급,초급1,124.83,5.2,5,5.0,1,1.0,7.7,8.4,7.3,7.9,7.2,7.1,8.3,전망,8.4
주흘산_01,주흘산,편도_등산,1104.6,2327.051000000001,12.12,24.25,713,11시간 53분,36.76138,128.076529,36.778098,128.104731,초인,초인2,575.6,5.8,10,10.0,6,0.4082482904638631,7.1,7.4,7.5,7.0,6.6,6.9,7.1,힐링,7.5
주흘산_02,주흘산,등하산_횡단,1132.8,1615.6130000000005,14.78,14.78,456,7시간 36분,36.75964,128.076769,36.788893,128.065811,최상급,최상급2,374.43,5.6,10,10.0,6,0.4082482904638631,7.1,7.4,7.5,7.0,6.6,6.9,7.1,힐링,7.5
주흘산_03,주흘산,등하산_원점회귀,1100.1,1265.084999999998,8.63,8.63,317,5시간 17분,36.761389,128.077897,36.761577,128.076592,상급,상급3,316.48,5.8,10,10.0,6,0.4082482904638631,7.1,7.4,7.5,7.0,6.6,6.9,7.1,힐링,7.5
주흘산_04,주흘산,편도_등산,1132.6,1140.101,4.42,8.84,304,5시간 04분,36.758096,128.115256,36.788559,128.101367,상급,상급3,304.07,5.8,0,10.0,6,0.4082482904638631,7.1,7.4,7.5,7.0,6.6,6.9,7.1,힐링,7.5
주흘산_05,주흘산,등하산_원점회귀,1130.1,908.1390000000004,3.5,3.5,154,2시간 34분,36.791242,128.121028,36.791285,128.120505,초급,초급3,170.76,3.9,0,10.0,6,0.4082482904638631,7.1,7.4,7.5,7.0,6.6,6.9,7.1,힐링,7.5
주흘산_06,주흘산,등하산_횡단,960.7,1244.0359999999994,11.64,11.64,351,5시간 51분,36.759735,128.076893,36.789662,128.065809,상급,상급3,291.58,5.6,10,10.0,6,0.4082482904638631,7.1,7.4,7.5,7.0,6.6,6.9,7.1,힐링,7.5
지리산(통영)_01,지리산(통영),등하산_횡단,424.0,763.2550000000008,5.84,5.84,201,3시간 21분,34.844911,128.218467,34.853912,128.174798,중급,중급2,202.22,5.0,0,0.0,1,1.0,7.7,8.2,7.2,7.7,6.6,8.3,8.0,성취감,8.3
지리산_01,지리산,등하산_횡단,1950.0,1245.832,15.06,15.06,411,6시간 51분,35.304018,127.749109,35.285059,127.718794,최상급,최상급1,331.9,5.3,10,0.0,5,0.4472135954999579,7.3,8.0,7.1,7.2,6.7,7.6,7.5,전망,8.0
지리산_02,지리산,편도_하산,1285.2,1773.4039999999982,7.38,14.75,487,8시간 07분,35.243096,127.488549,35.296336,127.52111,최상급,최상급2,391.89,5.9,10,10.0,5,0.4472135954999579,7.3,8.0,7.1,7.2,6.7,7.6,7.5,전망,8.0
지리산_03,지리산,편도_등산,1649.4,4373.857000000005,21.31,42.62,1295,21시간 35분,35.30615,127.511107,35.317993,127.693395,신,신,1046.17,4.7,10,10.0,5,0.4472135954999579,7.3,8.0,7.1,7.2,6.7,7.6,7.5,전망,8.0
지리산_04,지리산,편도_등산,1936.0,2108.0,7.18,14.36,532,8시간 52분,35.362627,127.680309,35.336945,127.730637,초인,초인1,526.97,5.5,10,10.0,5,0.4472135954999579,7.3,8.0,7.1,7.2,6.7,7.6,7.5,전망,8.0
지리산_05,지리산,편도_하산,1937.0,4219.871999999999,12.49,24.97,1008,16시간 48분,35.349887,127.817008,35.336899,127.73063,신,신,983.18,4.7,10,0.0,5,0.4472135954999579,7.3,8.0,7.1,7.2,6.7,7.6,7.5,전망,8.0
천관산_01,천관산,등하산_원점회귀,740.1,725.5110000000001,6.67,6.67,207,3시간 27분,34.548939,126.935925,34.548486,126.931565,초급,초급3,168.56,4.8,10,5.0,6,0.4082482904638631,7.4,8.2,6.9,7.7,6.4,7.3,8.4,계절매력,8.4
천관산_02,천관산,등하산_횡단,747.0,731.0750000000002,6.02,6.02,188,3시간 08분,34.514234,126.90226,34.523951,126.908363,초급,초급2,160.75,4.6,5,10.0,6,0.4082482904638631,7.4,8.2,6.9,7.7,6.4,7.3,8.4,계절매력,8.4
천관산_03,천관산,등하산_횡단,744.5,665.9090000000003,6.23,6.23,194,3시간 14분,34.51412,126.902361,34.549545,126.93682,초급,초급2,156.07,4.8,5,10.0,6,0.4082482904638631,7.4,8.2,6.9,7.7,6.4,7.3,8.4,계절매력,8.4
천관산_04,천관산,등하산_원점회귀,749.4,701.2349999999997,5.29,5.29,162,2시간 42분,34.545673,126.899154,34.544531,126.900389,중급,중급1,184.47,4.5,10,2.0,6,0.4082482904638631,7.4,8.2,6.9,7.7,6.4,7.3,8.4,계절매력,8.4
천관산_05,천관산,등하산_원점회귀,755.8,831.0770000000002,11.16,11.16,291,4시간 51분,34.549099,126.936456,34.548347,126.931162,중급,중급1,194.46,4.8,10,5.0,6,0.4082482904638631,7.4,8.2,6.9,7.7,6.4,7.3,8.4,계절매력,8.4
천관산_06,천관산,편도_등산,354.2,752.385,7.9,15.79,350,5시간 50분,34.472834,126.918347,34.523987,126.908464,중급,중급2,220.09,4.9,0,10.0,6,0.4082482904638631,7.4,8.2,6.9,7.7,6.4,7.3,8.4,계절매력,8.4
천마산_01,천마산,등하산_횡단,810.2,659.2890000000002,6.75,6.75,198,3시간 18분,37.66635,127.290175,37.670823,127.25162,초급,초급2,161.64,6.4,5,10.0,7,0.3779644730092272,7.2,7.6,7.1,7.5,6.7,7.0,7.5,전망,7.6
천마산_02,천마산,등하산_횡단,834.7,760.4280000000002,6.21,6.21,209,3시간 29분,37.670848,127.251743,37.659237,127.284113,초급,초급3,166.51,6.4,10,10.0,7,0.3779644730092272,7.2,7.6,7.1,7.5,6.7,7.0,7.5,전망,7.6
천마산_03,천마산,등하산_횡단,816.1,853.6,6.87,6.87,232,3시간 52분,37.690578,127.295012,37.68073,127.303227,중급,중급1,185.55,6.1,0,10.0,7,0.3779644730092272,7.2,7.6,7.1,7.5,6.7,7.0,7.5,전망,7.6
천마산_04,천마산,등하산_횡단,805.2,857.8000000000003,8.38,8.38,255,4시간 15분,37.659102,127.284,37.692367,127.23174,중급,중급2,205.44,6.4,10,10.0,7,0.3779644730092272,7.2,7.6,7.1,7.5,6.7,7.0,7.5,전망,7.6
천마산_05,천마산,등하산_횡단,811.4,725.5000000000005,10.2,10.2,274,4시간 34분,37.655443,127.265343,37.695677,127.217078,초급,초급3,173.7,6.5,2,10.0,7,0.3779644730092272,7.2,7.6,7.1,7.5,6.7,7.0,7.5,전망,7.6
천마산_06,천마산,등하산_횡단,585.5,685.9279999999999,5.79,5.79,175,2시간 55분,37.634971,127.2163,37.644432,127.24156,초급,초급2,152.7,6.5,10,10.0,7,0.3779644730092272,7.2,7.6,7.1,7.5,6.7,7.0,7.5,전망,7.6
천마산_07,천마산,등하산_횡단,625.6,640.6210000000001,6.67,6.67,188,3시간 08분,37.617068,127.272939,37.655309,127.265431,초급,초급2,158.39,6.2,0,10.0,7,0.3779644730092272,7.2,7.6,7.1,7.5,6.7,7.0,7.5,전망,7.6
천성산_01,천성산,등하산_원점회귀,556.4,757.6999999999999,7.7,7.7,229,3시간 49분,35.319774,128.98893,35.319939,128.988987,중급,중급1,185.08,6.4,8,10.0,2,0.7071067811865475,6.9,7.6,6.9,7.0,6.2,6.9,6.8,전망,7.6
천성산_02,천성산,등하산_횡단,882.2,1053.4,8.61,8.61,285,4시간 45분,35.341888,128.95533,35.360214,128.977369,중급,중급3,230.76,5.5,0,10.0,2,0.7071067811865475,6.9,7.6,6.9,7.0,6.2,6.9,6.8,전망,7.6
천태산_01,천태산,등하산_원점회귀,733.1,656.3049999999996,5.72,5.72,180,3시간 00분,36.157418,127.62008,36.156788,127.614751,초급,초급2,148.46,4.4,10,10.0,2,0.7071067811865475,7.6,8.1,6.9,7.6,6.9,8.2,8.0,성취감,8.2
천태산_02,천태산,편도_등산,746.2,682.4549999999999,3.1,6.19,195,3시간 15분,36.16148,127.581787,36.158308,127.599141,초급,초급2,157.49,4.1,0,10.0,2,0.7071067811865475,7.6,8.1,6.9,7.6,6.9,8.2,8.0,성취감,8.2
청량산_01,청량산,등하산_횡단,882.4,672.139,4.94,4.94,184,3시간 04분,36.781536,128.924189,36.788038,128.896993,초급,초급3,174.53,4.5,10,5.0,3,0.5773502691896258,7.3,8.0,7.1,7.4,6.6,7.2,7.8,전망,8.0
청량산_02,청량산,등하산_원점회귀,881.1,566.4700000000005,5.57,5.57,163,2시간 43분,36.78016,128.927783,36.78016,128.927783,초급,초급1,136.11,4.2,10,2.0,3,0.5773502691896258,7.3,8.0,7.1,7.4,6.6,7.2,7.8,전망,8.0
청량산_03,청량산,등하산_횡단,857.3,636.8360000000001,4.62,4.62,170,2시간 50분,36.781557,128.924117,36.785379,128.90711,초급,초급3,164.29,4.4,10,5.0,3,0.5773502691896258,7.3,8.0,7.1,7.4,6.6,7.2,7.8,전망,8.0
추월산_01,추월산,등하산_원점회귀,737.8,1088.1700000000003,5.46,5.46,247,4시간 07분,35.401959,126.99942,35.405749,126.995963,중급,중급3,233.46,5.4,10,10.0,4,0.5,7.0,7.2,7.2,7.2,6.0,7.2,7.5,계절매력,7.5
추월산_02,추월산,등하산_원점회귀,754.9,824.7260000000003,4.74,4.74,187,3시간 07분,35.40195,126.999443,35.399881,126.996028,중급,중급1,189.37,5.4,10,10.0,4,0.5,7.0,7.2,7.2,7.2,6.0,7.2,7.5,계절매력,7.5
추월산_03,추월산,등하산_원점회귀,750.3,1013.5520000000008,7.88,7.88,268,4시간 28분,35.401975,126.999583,35.407872,126.995088,상급,상급2,270.68,5.4,10,10.0,4,0.5,7.0,7.2,7.2,7.2,6.0,7.2,7.5,계절매력,7.5
추월산_04,추월산,편도_등산,758.5,486.891,2.24,4.48,140,2시간 20분,35.397015,126.954979,35.399939,126.976087,초급,초급1,113.17,4.8,0,0.0,4,0.5,7.0,7.2,7.2,7.2,6.0,7.2,7.5,계절매력,7.5
축령산_01,축령산,등하산_원점회귀,911.6,756.2040000000002,6.09,6.09,198,3시간 18분,37.752513,127.308922,37.754043,127.312158,초급,초급3,164.43,6.2,10,10.0,4,0.5,7.3,7.3,7.9,7.1,6.7,7.0,8.0,계절매력,8.0
축령산_02,축령산,편도_등산,670.1,274.476,1.29,2.58,80,1시간 20분,37.752959,127.313595,37.750408,127.321708,입문,입문,64.48,5.9,10,8.0,4,0.5,7.3,7.3,7.9,7.1,6.7,7.0,8.0,계절매력,8.0
축령산_03,축령산,등하산_원점회귀,852.1,1223.8800000000006,8.38,8.38,304,5시간 04분,37.750439,127.306959,37.754366,127.31191,상급,상급3,306.74,6.2,8,10.0,4,0.5,7.3,7.3,7.9,7.1,6.7,7.0,8.0,계절매력,8.0
축령산_04,축령산,등하산_원점회귀,862.4,664.8689999999999,6.87,6.87,200,3시간 20분,37.755394,127.314634,37.756495,127.312755,초급,초급3,163.76,6.1,10,8.0,4,0.5,7.3,7.3,7.9,7.1,6.7,7.0,8.0,계절매력,8.0
치악산_01,치악산,등하산_횡단,1304.1,747.627,9.06,9.06,257,4시간 17분,37.360644,128.022074,37.405118,128.048625,중급,중급1,199.42,5.6,10,2.0,7,0.3779644730092272,7.4,7.7,7.1,7.2,6.6,7.7,8.1,계절매력,8.1
치악산_02,치악산,등하산_횡단,1207.5,1192.8190000000004,11.37,11.37,353,5시간 53분,37.280551,128.086041,37.334684,128.012033,상급,상급3,282.18,5.7,10,10.0,7,0.3779644730092272,7.4,7.7,7.1,7.2,6.6,7.7,8.1,계절매력,8.1
치악산_03,치악산,등하산_원점회귀,1313.9,735.056,12.35,12.35,294,4시간 54분,37.333426,128.073504,37.334684,128.068772,중급,중급1,192.39,3.4,8,5.0,7,0.3779644730092272,7.4,7.7,7.1,7.2,6.6,7.7,8.1,계절매력,8.1
치악산_04,치악산,편도_등산,1068.0,728.132,3.84,7.67,224,3시간 44분,37.344675,128.016413,37.33098,128.033776,중급,중급1,181.08,6.1,2,5.0,7,0.3779644730092272,7.4,7.7,7.1,7.2,6.6,7.7,8.1,계절매력,8.1
치악산_05,치악산,편도_하산,435.6,526.499,10.48,20.96,393,6시간 33분,37.380405,128.007691,37.334772,128.013178,중급,중급2,212.12,5.8,10,10.0,7,0.3779644730092272,7.4,7.7,7.1,7.2,6.6,7.7,8.1,계절매력,8.1
치악산_06,치악산,등하산_횡단,741.9,328.414,12.59,12.59,247,4시간 07분,37.352216,128.108202,37.428932,128.058129,초급,초급1,129.84,5.2,0,10.0,7,0.3779644730092272,7.4,7.7,7.1,7.2,6.6,7.7,8.1,계절매력,8.1
치악산_07,치악산,등하산_횡단,679.9,448.221,6.78,6.78,162,2시간 42분,37.380167,128.007536,37.414344,128.050318,초급,초급1,111.31,5.7,10,10.0,7,0.3779644730092272,7.4,7.7,7.1,7.2,6.6,7.7,8.1,계절매력,8.1
칠갑산_01,칠갑산,등하산_횡단,584.3,1009.8050000000006,8.4,8.4,281,4시간 41분,36.435714,126.885554,36.415861,126.924793,중급,중급3,223.16,4.9,10,10.0,4,0.5,7.0,6.9,7.4,7.5,6.9,6.1,7.5,사진,7.5
칠갑산_02,칠갑산,등하산_원점회귀,582.6,1243.1379999999992,8.39,8.39,302,5시간 02분,36.409294,126.849112,36.409462,126.851237,상급,상급3,309.32,4.7,10,10.0,4,0.5,7.0,6.9,7.4,7.5,6.9,6.1,7.5,사진,7.5
칠갑산_03,칠갑산,편도_등산,414.4,1021.9319999999996,3.8,7.6,267,4시간 27분,36.432542,126.844242,36.417529,126.864277,상급,상급2,266.93,5.3,10,8.0,4,0.5,7.0,6.9,7.4,7.5,6.9,6.1,7.5,사진,7.5
칠갑산_04,칠갑산,편도_등산,583.4,756.1349999999994,2.55,5.1,190,3시간 10분,36.395158,126.893977,36.412947,126.885027,중급,중급1,188.09,4.6,0,10.0,4,0.5,7.0,6.9,7.4,7.5,6.9,6.1,7.5,사진,7.5
태백산_01,태백산,편도_등산,1579.9,665.666,4.03,8.06,221,3시간 41분,37.120279,128.908772,37.096337,128.916532,초급,초급3,177.48,4.8,10,10.0,6,0.4082482904638631,7.6,8.2,7.4,7.6,7.1,7.1,8.8,계절매력,8.8
태백산_02,태백산,등하산_횡단,1548.8,666.6999999999999,7.8,7.8,210,3시간 30분,37.118851,128.926543,37.128989,128.959682,초급,초급3,174.73,5.4,10,10.0,6,0.4082482904638631,7.6,8.2,7.4,7.6,7.1,7.1,8.8,계절매력,8.8
태백산_03,태백산,등하산_원점회귀,1542.7,877.3379999999996,12.01,12.01,301,5시간 01분,37.072044,128.970295,37.071564,128.954132,중급,중급2,207.27,3.9,0,2.0,6,0.4082482904638631,7.6,8.2,7.4,7.6,7.1,7.1,8.8,계절매력,8.8
태백산_04,태백산,등하산_원점회귀,1565.2,759.6509999999997,9.39,9.39,249,4시간 09분,37.088735,128.971249,37.089171,128.969141,중급,중급2,204.65,5.0,0,10.0,6,0.4082482904638631,7.6,8.2,7.4,7.6,7.1,7.1,8.8,계절매력,8.8
태백산_05,태백산,편도_등산,1568.0,654.6509999999995,5.95,11.91,277,4시간 37분,37.12245,128.899785,37.10349,128.915384,중급,중급1,178.3,4.6,5,10.0,6,0.4082482904638631,7.6,8.2,7.4,7.6,7.1,7.1,8.8,계절매력,8.8
태백산_06,태백산,편도_등산,1524.8,672.1810000000002,3.97,7.93,220,3시간 40분,37.119422,128.950188,37.094807,128.940116,초급,초급3,176.91,5.4,10,10.0,6,0.4082482904638631,7.6,8.2,7.4,7.6,7.1,7.1,8.8,계절매력,8.8
태화산_01,태화산,등하산_횡단,1057.3,479.244,8.75,8.75,216,3시간 36분,37.111915,128.464419,37.129639,128.532856,초급,초급1,130.76,4.5,0,2.0,3,0.5773502691896258,5.9,4.6,6.7,5.3,6.2,6.0,6.6,힐링,6.7
태화산_02,태화산,등하산_횡단,1060.1,835.309,9.22,9.22,256,4시간 16분,37.087325,128.489456,37.142805,128.469624,중급,중급2,212.64,5.1,0,10.0,3,0.5773502691896258,5.9,4.6,6.7,5.3,6.2,6.0,6.6,힐링,6.7
태화산_03,태화산,등하산_횡단,1047.8,803.5389999999999,9.26,9.26,255,4시간 15분,37.145624,128.490471,37.142642,128.469563,중급,중급2,209.01,5.4,10,10.0,3,0.5773502691896258,5.9,4.6,6.7,5.3,6.2,6.0,6.6,힐링,6.7
팔공산_01,팔공산,등하산_원점회귀,1204.0,593.366,8.64,8.64,223,3시간 43분,35.988907,128.697366,35.990692,128.704735,초급,초급2,144.58,5.7,10,10.0,19,0.2294157338705617,7.1,7.5,7.1,7.3,6.5,6.9,7.1,전망,7.5
팔공산_02,팔공산,등하산_원점회귀,1190.2,606.4979999999999,8.48,8.48,224,3시간 44분,35.993039,128.681159,35.994004,128.673377,초급,초급2,144.81,5.8,10,10.0,19,0.2294157338705617,7.1,7.5,7.1,7.3,6.5,6.9,7.1,전망,7.5
팔공산_03,팔공산,등하산_원점회귀,918.0,1105.0,7.46,7.46,273,4시간 33분,35.970353,128.726043,35.973496,128.7289,상급,상급2,275.0,5.6,10,10.0,19,0.2294157338705617,7.1,7.5,7.1,7.3,6.5,6.9,7.1,전망,7.5
팔공산_04,팔공산,등하산_원점회귀,1195.0,986.0,6.54,6.54,246,4시간 06분,35.991145,128.698544,35.992545,128.700996,상급,상급1,243.22,5.7,10,10.0,19,0.2294157338705617,7.1,7.5,7.1,7.3,6.5,6.9,7.1,전망,7.5
팔공산_05,팔공산,등하산_원점회귀,920.0,1086.0,6.3,6.3,253,4시간 13분,35.99062,128.637597,35.99465,128.638906,상급,상급1,250.53,6.1,10,10.0,19,0.2294157338705617,7.1,7.5,7.1,7.3,6.5,6.9,7.1,전망,7.5
팔공산_06,팔공산,등하산_횡단,995.0,1331.0,10.02,10.02,341,5시간 41분,35.965095,128.701423,35.985669,128.701673,최상급,최상급2,349.78,5.8,10,10.0,19,0.2294157338705617,7.1,7.5,7.1,7.3,6.5,6.9,7.1,전망,7.5
팔공산_07,팔공산,등하산_원점회귀,873.0,1007.0,5.46,5.46,227,3시간 47분,35.969245,128.710851,35.973269,128.713767,중급,중급3,224.59,5.7,5,8.0,19,0.2294157338705617,7.1,7.5,7.1,7.3,6.5,6.9,7.1,전망,7.5
팔공산_08,팔공산,등하산_원점회귀,1200.0,897.0,6.16,6.16,226,3시간 46분,36.032288,128.683631,36.032958,128.680486,중급,중급3,225.14,5.4,10,0.0,19,0.2294157338705617,7.1,7.5,7.1,7.3,6.5,6.9,7.1,전망,7.5
팔공산_09,팔공산,등하산_원점회귀,1007.0,951.0,5.67,5.67,224,3시간 44분,35.993861,128.672695,35.99797,128.675893,중급,중급2,222.41,5.7,8,10.0,19,0.2294157338705617,7.1,7.5,7.1,7.3,6.5,6.9,7.1,전망,7.5
팔공산_10,팔공산,등하산_횡단,1184.2,704.2139999999999,8.29,8.29,221,3시간 41분,35.992898,128.681104,36.002729,128.68911,중급,중급1,185.14,5.6,10,10.0,19,0.2294157338705617,7.1,7.5,7.1,7.3,6.5,6.9,7.1,전망,7.5
팔공산_11,팔공산,등하산_원점회귀,1179.0,1003.0,7.18,7.18,270,4시간 30분,36.001316,128.676519,35.993852,128.674044,상급,상급2,257.03,5.7,5,5.0,19,0.2294157338705617,7.1,7.5,7.1,7.3,6.5,6.9,7.1,전망,7.5
팔공산_12,팔공산,등하산_원점회귀,879.0,931.0,5.1,5.1,218,3시간 38분,35.971993,128.728013,35.970986,128.725847,중급,중급2,208.71,5.6,10,10.0,19,0.2294157338705617,7.1,7.5,7.1,7.3,6.5,6.9,7.1,전망,7.5
팔공산_13,팔공산,등하산_횡단,1023.0,1030.0,6.01,6.01,230,3시간 50분,35.985983,128.651961,35.996207,128.655294,중급,중급3,238.3,6.0,10,10.0,19,0.2294157338705617,7.1,7.5,7.1,7.3,6.5,6.9,7.1,전망,7.5
팔공산_14,팔공산,등하산_원점회귀,881.0,800.0,6.7,6.7,219,3시간 39분,36.020284,128.630312,36.021636,128.630156,초급,초급3,177.4,6.1,10,10.0,19,0.2294157338705617,7.1,7.5,7.1,7.3,6.5,6.9,7.1,전망,7.5
팔공산_15,팔공산,등하산_원점회귀,920.0,1278.0,11.7,11.7,359,5시간 59분,35.991292,128.800468,35.996242,128.781988,상급,상급3,296.29,5.4,10,10.0,19,0.2294157338705617,7.1,7.5,7.1,7.3,6.5,6.9,7.1,전망,7.5
팔공산_17,팔공산,등하산_횡단,1174.0,885.0,4.52,4.52,195,3시간 15분,35.993498,128.681202,35.999737,128.684763,중급,중급1,191.56,5.7,10,10.0,19,0.2294157338705617,7.1,7.5,7.1,7.3,6.5,6.9,7.1,전망,7.5
팔공산_18,팔공산,등하산_횡단,1193.0,1184.0,7.53,7.53,272,4시간 32분,36.040177,128.718255,36.026257,128.717337,상급,상급3,285.99,4.5,10,5.0,19,0.2294157338705617,7.1,7.5,7.1,7.3,6.5,6.9,7.1,전망,7.5
팔공산_19,팔공산,등하산_원점회귀,1099.0,1082.0,7.12,7.12,270,4시간 30분,35.992114,128.685496,35.987945,128.6944,상급,상급2,265.84,5.8,10,10.0,19,0.2294157338705617,7.1,7.5,7.1,7.3,6.5,6.9,7.1,전망,7.5
팔공산_20,팔공산,등하산_원점회귀,1028.0,1455.0,13.05,13.05,411,6시간 51분,36.05528,128.714667,36.044156,128.714905,최상급,최상급1,333.89,4.2,8,10.0,19,0.2294157338705617,7.1,7.5,7.1,7.3,6.5,6.9,7.1,전망,7.5
팔봉산_01,팔봉산,등하산_원점회귀,361.2,265.181,3.47,3.47,96,1시간 36분,37.698402,127.698959,37.701385,127.696128,입문,입문,73.5,6.0,8,10.0,1,1.0,7.3,7.8,6.6,7.7,6.6,8.2,7.1,성취감,8.2
팔영산_01,팔영산,등하산_횡단,633.0,1012.0,7.71,7.71,265,4시간 25분,34.639858,127.450215,34.64153,127.414203,상급,상급2,267.54,3.7,2,10.0,2,0.7071067811865475,7.7,8.6,7.2,7.5,7.2,8.1,7.6,전망,8.6
팔영산_02,팔영산,편도_등산,630.0,2342.0,9.32,18.63,631,10시간 31분,34.603661,127.45779,34.6191,127.431801,초인,초인3,632.67,4.0,10,10.0,2,0.7071067811865475,7.7,8.6,7.2,7.5,7.2,8.1,7.6,전망,8.6
한라산_01,한라산,등하산_횡단,1948.7,1357.6419999999994,18.26,18.26,482,8시간 02분,33.384692,126.620378,33.370064,126.571728,상급,상급3,317.93,2.5,10,10.0,5,0.4472135954999579,7.2,7.8,6.8,7.4,6.2,7.3,8.0,계절매력,8.0
한라산_02,한라산,등하산_횡단,791.3,550.1360000000013,15.33,15.33,320,5시간 20분,33.302558,126.458388,33.307651,126.570386,중급,중급1,185.43,5.1,8,10.0,5,0.4472135954999579,7.2,7.8,6.8,7.4,6.2,7.3,8.0,계절매력,8.0
한라산_03,한라산,편도_등산,921.3,650.1129999999997,7.89,15.78,334,5시간 34분,33.311928,126.457381,33.345441,126.444408,중급,중급2,204.52,3.9,10,10.0,5,0.4472135954999579,7.2,7.8,6.8,7.4,6.2,7.3,8.0,계절매력,8.0
한라산_04,한라산,편도_하산,1036.7,1037.0219999999997,12.75,25.49,538,8시간 58분,33.409192,126.477067,33.336684,126.455296,최상급,최상급1,328.29,4.5,2,10.0,5,0.4472135954999579,7.2,7.8,6.8,7.4,6.2,7.3,8.0,계절매력,8.0
한라산_05,한라산,편도_하산,655.1,717.7429999999997,10.31,20.63,417,6시간 57분,33.395084,126.684984,33.423276,126.626985,상급,상급1,245.71,4.9,10,10.0,5,0.4472135954999579,7.2,7.8,6.8,7.4,6.2,7.3,8.0,계절매력,8.0
화악산_01,화악산,등하산_횡단,1467.6,999.1769999999996,6.92,6.92,264,4시간 24분,38.005152,127.525663,37.995369,127.479153,상급,상급1,251.85,4.6,0,0.0,6,0.4082482904638631,6.7,7.1,6.8,7.0,5.5,6.8,7.5,계절매력,7.5
화악산_02,화악산,등하산_횡단,1474.4,1094.37,7.65,7.65,256,4시간 16분,37.963524,127.526199,37.976699,127.507918,상급,상급2,277.13,5.1,0,10.0,6,0.4082482904638631,6.7,7.1,6.8,7.0,5.5,6.8,7.5,계절매력,7.5
화악산_03,화악산,등하산_횡단,1442.1,1038.849,8.41,8.41,269,4시간 29분,37.966157,127.483254,37.957903,127.472443,중급,중급3,226.48,5.5,0,2.0,6,0.4082482904638631,6.7,7.1,6.8,7.0,5.5,6.8,7.5,계절매력,7.5
화악산_04,화악산,등하산_원점회귀,1039.5,967.412,11.9,11.9,308,5시간 08분,37.924637,127.494637,37.924692,127.494432,상급,상급2,259.98,5.8,8,10.0,6,0.4082482904638631,6.7,7.1,6.8,7.0,5.5,6.8,7.5,계절매력,7.5
화악산_05,화악산,등하산_횡단,1402.0,1002.874,13.63,13.63,355,5시간 55분,37.970857,127.52541,37.950236,127.535403,중급,중급3,236.08,5.2,0,10.0,6,0.4082482904638631,6.7,7.1,6.8,7.0,5.5,6.8,7.5,계절매력,7.5
화악산_06,화악산,등하산_횡단,1464.0,1132.3399999999997,8.26,8.26,281,4시간 41분,37.95775,127.472622,37.97124,127.482388,상급,상급3,292.92,5.5,0,10.0,6,0.4082482904638631,6.7,7.1,6.8,7.0,5.5,6.8,7.5,계절매력,7.5
화왕산_01,화왕산,등하산_원점회귀,783.0,759.0,6.75,6.75,214,3시간 34분,35.546153,128.504867,35.540397,128.507771,초급,초급3,173.44,5.9,10,10.0,5,0.4472135954999579,7.4,7.9,7.0,7.7,6.6,7.0,8.5,계절매력,8.5
화왕산_02,화왕산,편도_하산,778.0,800.0,3.55,7.1,226,3시간 46분,35.540483,128.50757,35.545705,128.537684,중급,중급1,182.62,6.2,10,10.0,5,0.4472135954999579,7.4,7.9,7.0,7.7,6.6,7.0,8.5,계절매력,8.5
화왕산_03,화왕산,등하산_원점회귀,781.0,910.0,9.94,9.94,281,4시간 41분,35.518793,128.551168,35.522912,128.548839,중급,중급3,230.45,5.2,10,10.0,5,0.4472135954999579,7.4,7.9,7.0,7.7,6.6,7.0,8.5,계절매력,8.5
화왕산_04,화왕산,등하산_횡단,780.0,921.0,9.13,9.13,272,4시간 32분,35.540412,128.506744,35.518749,128.551276,중급,중급2,222.19,5.6,10,10.0,5,0.4472135954999579,7.4,7.9,7.0,7.7,6.6,7.0,8.5,계절매력,8.5
화왕산_05,화왕산,등하산_원점회귀,781.0,785.0,7.75,7.75,233,3시간 53분,35.569144,128.528703,35.567344,128.530071,중급,중급1,188.99,5.2,2,10.0,5,0.4472135954999579,7.4,7.9,7.0,7.7,6.6,7.0,8.5,계절매력,8.5
황매산_01,황매산,등하산_원점회귀,1124.8,726.1690000000001,7.01,7.01,202,3시간 22분,35.483258,127.999163,35.482609,127.999989,초급,초급3,172.88,4.8,8,5.0,4,0.5,7.8,8.5,7.4,8.5,6.9,7.1,8.9,계절매력,8.9
황매산_02,황매산,등하산_원점회귀,943.1,165.02900000000022,2.43,2.43,60,1시간 00분,35.487172,127.968806,35.485526,127.971255,입문,입문,40.44,4.4,10,2.0,4,0.5,7.8,8.5,7.4,8.5,6.9,7.1,8.9,계절매력,8.9
황매산_03,황매산,등하산_원점회귀,949.9,666.6179999999999,9.67,9.67,244,4시간 04분,35.481835,128.003547,35.481759,128.00364,초급,초급2,162.12,4.7,10,8.0,4,0.5,7.8,8.5,7.4,8.5,6.9,7.1,8.9,계절매력,8.9
황매산_04,황매산,편도_등산,1135.3,1056.8099999999995,5.65,11.31,328,5시간 28분,35.481911,128.003659,35.494215,127.97461,상급,상급2,264.91,4.7,10,8.0,4,0.5,7.8,8.5,7.4,8.5,6.9,7.1,8.9,계절매력,8.9
황석산_01,황석산,편도_하산,1165.5,1151.9760000000006,4.7,9.4,314,5시간 14분,35.680003,127.769498,35.657491,127.753514,상급,상급1,252.14,4.7,8,10.0,10,0.3162277660168379,7.0,7.4,7.0,7.3,5.7,7.3,7.2,전망,7.4
황석산_02,황석산,편도_등산,1204.6,830.8740000000003,4.03,8.06,246,4시간 06분,35.636987,127.735784,35.655035,127.755504,중급,중급1,198.29,4.1,5,5.0,10,0.3162277660168379,7.0,7.4,7.0,7.3,5.7,7.3,7.2,전망,7.4
황석산_03,황석산,등하산_원점회귀,1282.3,221.4710000000003,5.64,5.64,153,2시간 33분,35.683134,127.737005,35.68181,127.73689,입문,입문,71.36,4.6,0,0.0,10,0.3162277660168379,7.0,7.4,7.0,7.3,5.7,7.3,7.2,전망,7.4
황석산_04,황석산,등하산_원점회귀,1213.9,947.6360000000004,7.99,7.99,262,4시간 22분,35.664696,127.784535,35.664728,127.784584,중급,중급2,210.84,5.2,8,8.0,10,0.3162277660168379,7.0,7.4,7.0,7.3,5.7,7.3,7.2,전망,7.4
황석산_05,황석산,등하산_원점회귀,1383.2,775.9649999999991,5.52,5.52,189,3시간 09분,35.727643,127.78817,35.727627,127.788431,중급,중급1,198.23,4.4,8,5.0,10,0.3162277660168379,7.0,7.4,7.0,7.3,5.7,7.3,7.2,전망,7.4
황석산_06,황석산,등하산_원점회귀,1393.2,970.1729999999998,11.06,11.06,311,5시간 11분,35.731609,127.798272,35.731551,127.798231,상급,상급1,251.0,5.0,10,10.0,10,0.3162277660168379,7.0,7.4,7.0,7.3,5.7,7.3,7.2,전망,7.4
황석산_07,황석산,등하산_원점회귀,1388.9,1298.4919999999988,12.85,12.85,386,6시간 26분,35.733218,127.802235,35.731469,127.80064,상급,상급3,312.99,5.1,10,10.0,10,0.3162277660168379,7.0,7.4,7.0,7.3,5.7,7.3,7.2,전망,7.4
황석산_08,황석산,편도_등산,1367.2,1024.8569999999982,4.22,8.43,280,4시간 40분,35.731472,127.7982,35.706912,127.781577,중급,중급3,225.22,5.0,10,10.0,10,0.3162277660168379,7.0,7.4,7.0,7.3,5.7,7.3,7.2,전망,7.4
황석산_09,황석산,등하산_원점회귀,1357.2,1018.5269999999996,10.49,10.49,309,5시간 09분,35.683777,127.766079,35.685493,127.764863,상급,상급1,250.46,4.6,10,10.0,10,0.3162277660168379,7.0,7.4,7.0,7.3,5.7,7.3,7.2,전망,7.4
황석산_10,황석산,등하산_원점회귀,1418.7,585.3510000000002,7.11,7.11,194,3시간 14분,35.725536,127.742741,35.725468,127.742702,초급,초급2,156.32,4.1,0,0.0,10,0.3162277660168379,7.0,7.4,7.0,7.3,5.7,7.3,7.2,전망,7.4
황악산_01,황악산,등하산_원점회귀,1132.7,1603.716,8.2,8.2,341,5시간 41분,36.115738,128.002627,36.116302,128.011148,최상급,최상급2,347.33,5.3,8,5.0,8,0.3535533905932737,7.0,7.0,7.0,6.8,6.7,7.1,7.2,계절매력,7.2
황악산_02,황악산,등하산_원점회귀,967.0,1226.2219999999998,6.92,6.92,289,4시간 49분,36.116082,128.001407,36.116052,128.001291,상급,상급2,279.0,5.2,5,5.0,8,0.3535533905932737,7.0,7.0,7.0,6.8,6.7,7.1,7.2,계절매력,7.2
황악산_03,황악산,등하산_횡단,679.7,1660.4989999999996,9.74,9.74,403,6시간 43분,36.151465,127.991149,36.131703,128.011272,최상급,최상급2,385.19,5.1,10,8.0,8,0.3535533905932737,7.0,7.0,7.0,6.8,6.7,7.1,7.2,계절매력,7.2
황악산_04,황악산,등하산_원점회귀,1141.7,937.0080000000004,10.85,10.85,299,4시간 59분,36.117194,128.010653,36.115765,128.000881,상급,상급1,244.32,5.3,10,8.0,8,0.3535533905932737,7.0,7.0,7.0,6.8,6.7,7.1,7.2,계절매력,7.2
황악산_05,황악산,편도_등산,1127.9,2006.131,7.2,14.4,517,8시간 37분,36.067633,127.954986,36.117865,127.966878,초인,초인1,514.8,1.9,0,2.0,8,0.3535533905932737,7.0,7.0,7.0,6.8,6.7,7.1,7.2,계절매력,7.2
황악산_06,황악산,등하산_원점회귀,850.1,1431.5569999999998,7.36,7.36,322,5시간 22분,36.114512,128.01552,36.112637,128.013202,상급,상급3,310.9,5.4,10,10.0,8,0.3535533905932737,7.0,7.0,7.0,6.8,6.7,7.1,7.2,계절매력,7.2
황악산_07,황악산,등하산_원점회귀,1132.1,2008.0030000000004,11.61,11.61,474,7시간 54분,36.160074,127.947862,36.160173,127.94809,최상급,최상급3,462.46,4.0,2,8.0,8,0.3535533905932737,7.0,7.0,7.0,6.8,6.7,7.1,7.2,계절매력,7.2
황악산_08,황악산,등하산_원점회귀,1055.5,1749.2670000000005,10.5,10.5,422,7시간 02분,36.090592,127.993368,36.087664,127.989701,최상급,최상급3,410.48,4.5,0,10.0,8,0.3535533905932737,7.0,7.0,7.0,6.8,6.7,7.1,7.2,계절매력,7.2
황장산_01,황장산,등하산_원점회귀,1084.8,667.4089999999997,5.65,5.65,182,3시간 02분,36.807191,128.254587,36.812373,128.258105,초급,초급2,148.79,3.4,10,10.0,1,1.0,6.9,7.8,6.8,7.0,5.4,7.2,7.1,전망,7.8
희양산_01,희양산,등하산_원점회귀,991.8,1066.8000000000006,8.15,8.15,277,4시간 37분,36.73609,127.988787,36.7283,127.99018,상급,상급3,282.42,3.9,10,10.0,8,0.3535533905932737,7.2,7.8,7.1,7.4,6.1,7.5,7.6,전망,7.8
희양산_02,희양산,등하산_원점회귀,955.8,991.9000000000004,8.39,8.39,275,4시간 35분,36.736018,127.98884,36.736052,127.988868,중급,중급2,221.04,4.0,10,10.0,8,0.3535533905932737,7.2,7.8,7.1,7.4,6.1,7.5,7.6,전망,7.8
희양산_03,희양산,등하산_원점회귀,782.2,595.9,5.67,5.67,183,3시간 03분,36.7383,127.98998,36.735822,127.985333,초급,초급2,140.85,4.0,10,10.0,8,0.3535533905932737,7.2,7.8,7.1,7.4,6.1,7.5,7.6,전망,7.8
희양산_04,희양산,등하산_원점회귀,821.0,877.9000000000004,6.6,6.6,229,3시간 49분,36.731875,127.98755,36.734587,127.983943,중급,중급3,230.55,3.9,5,8.0,8,0.3535533905932737,7.2,7.8,7.1,7.4,6.1,7.5,7.6,전망,7.8
희양산_05,희양산,등하산_원점회귀,787.5,682.4999999999999,5.56,5.56,186,3시간 06분,36.758418,127.977417,36.758713,127.977348,초급,초급2,149.26,4.4,2,10.0,8,0.3535533905932737,7.2,7.8,7.1,7.4,6.1,7.5,7.6,전망,7.8
희양산_06,희양산,등하산_원점회귀,863.4,868.2000000000003,8.58,8.58,260,4시간 20분,36.762413,127.95836,36.765355,127.94835,중급,중급2,209.13,4.4,0,10.0,8,0.3535533905932737,7.2,7.8,7.1,7.4,6.1,7.5,7.6,전망,7.8
희양산_07,희양산,등하산_횡단,918.3,898.0999999999998,5.51,5.51,210,3시간 30분,36.746672,128.011527,36.740453,128.017215,중급,중급2,213.07,4.2,2,10.0,8,0.3535533905932737,7.2,7.8,7.1,7.4,6.1,7.5,7.6,전망,7.8
희양산_08,희양산,등하산_횡단,926.0,808.6879999999999,14.18,14.18,343,5시간 43분,36.690111,127.95199,36.738798,127.990899,중급,중급2,216.23,4.2,2,0.0,8,0.3535533905932737,7.2,7.8,7.1,7.4,6.1,7.5,7.6,전망,7.8
